Stratum label,Stratum area (sq. km),Transect label,Transect length (m),Perpendicular distance (cm),Dung-pile decay stage
High (= pen+neck),773,TRSC-KDR.1,1000,13,C1
High (= pen+neck),773,TRSC-KDR.1,1000,180,C1
High (= pen+neck),773,TRSC-KDR.1,1000,224,C1
High (= pen+neck),773,TRSC-KDR.1,1000,110,D
High (= pen+neck),773,TRSC-KDR.1,1000,202,C2
High (= pen+neck),773,TRSC-KDR.1,1000,135,D
High (= pen+neck),773,TRSC-KDR.1,1000,34,C2
High (= pen+neck),773,TRSC-KDR.1,1000,629,C2
High (= pen+neck),773,TRSC-KDR.1,1000,176,C2
High (= pen+neck),773,TRSC-KDR.1,1000,208,C2
High (= pen+neck),773,TRSC-KDR.2,1450,166,C2
High (= pen+neck),773,TRSC-KDR.3,1000,39,C2
High (= pen+neck),773,TRSC-KDR.3,1000,390,C1
High (= pen+neck),773,TRSC-KDR.3,1000,335,C2
High (= pen+neck),773,TRSC-KDR.3,1000,633,D
High (= pen+neck),773,TRSC-KDR.3,1000,198,D
High (= pen+neck),773,TRSC-KDR.3,1000,74,C1
High (= pen+neck),773,TRSC-KDR.3,1000,268,C2
High (= pen+neck),773,TRSC-KDR.3,1000,19,C1
High (= pen+neck),773,TRSC-KDR.3,1000,265,D
High (= pen+neck),773,TRSC-KDR.3,1000,347,C1
High (= pen+neck),773,TRSC-KDR.3,1000,552,C1
High (= pen+neck),773,TRSC-KDR.3,1000,215,C2
High (= pen+neck),773,TRSC-KDR.3,1000,497,D
High (= pen+neck),773,TRSC-KDR.3,1000,160,C2
High (= pen+neck),773,TRSC-KDR.3,1000,445,C2
High (= pen+neck),773,TRSC-KDR.3,1000,342,C2
High (= pen+neck),773,TRSC-KDR.3,1000,515,C2
High (= pen+neck),773,TRSC-KDR.3,1000,15,D
High (= pen+neck),773,TRSC-KDR.3,1000,22,C1
High (= pen+neck),773,TRSC-KDR.4,1075,,
High (= pen+neck),773,TRSC-KDR.5,500,,
High (= pen+neck),773,TRSC-Tbbj.1,1000,63,D
High (= pen+neck),773,TRSC-Tbbj.1,1000,174,C1
High (= pen+neck),773,TRSC-Tbbj.1,1000,25,C2
High (= pen+neck),773,TRSC-Tbbj.1,1000,25,C2
High (= pen+neck),773,TRSC-Tbbj.1,1000,405,C1
High (= pen+neck),773,TRSC-Tbbj.1,1000,371,C1
High (= pen+neck),773,TRSC-Tbbj.1,1000,444,C1
High (= pen+neck),773,TRSC-Tbbj.1,1000,9,C1
High (= pen+neck),773,TRSC-Tbbj.1,1000,318,C1
High (= pen+neck),773,TRSC-Tbbj.1,1000,236,C1
High (= pen+neck),773,TRSC-Tbbj.1,1000,1000,C1
High (= pen+neck),773,TRSC-Tbbj.1,1000,193,C1
High (= pen+neck),773,TRSC-Tbbj.1,1000,506,C1
High (= pen+neck),773,TRSC-Tbbj.1,1000,153,C1
High (= pen+neck),773,TRSC-Tbbj.1,1000,203,C1
High (= pen+neck),773,TRSC-Tbbj.1,1000,336,C2
High (= pen+neck),773,TRSC-Tbbj.1,1000,572,C2
High (= pen+neck),773,TRSC-Tbbj.1,1000,570,C2
High (= pen+neck),773,TRSC-Tbbj.1,1000,730,C2
High (= pen+neck),773,TRSC-Tbbj.1,1000,457,C2
High (= pen+neck),773,TRSC-Tbbj.1,1000,389,C1
High (= pen+neck),773,TRSC-Tbbj.1,1000,279,C2
High (= pen+neck),773,TRSC-Tbbj.1,1000,170,C1
High (= pen+neck),773,TRSC-Tbbj.1,1000,109,C1
High (= pen+neck),773,TRSC-Tbbj.1,1000,33,C1
High (= pen+neck),773,TRSC-Tbbj.1,1000,261,C1
High (= pen+neck),773,TRSC-Tbbj.1,1000,314,B
High (= pen+neck),773,TRSC-Tbbj.1,1000,408,C2
High (= pen+neck),773,TRSC-Tbbj.1,1000,55,C1
High (= pen+neck),773,TRSC-Tbbj.1,1000,294,C2
High (= pen+neck),773,TRSC-Tbbj.1,1000,728,C2
High (= pen+neck),773,TRSC-Tbbj.1,1000,482,C2
High (= pen+neck),773,TRSC-Tbbj.1,1000,532,C2
High (= pen+neck),773,TRSC-Tbbj.1,1000,687,C2
High (= pen+neck),773,TRSC-Tbbj.1,1000,10,C1
High (= pen+neck),773,TRSC-Tbbj.1,1000,200,C2
High (= pen+neck),773,TRSC-Tbbj.1,1000,342,D
High (= pen+neck),773,TRSC-Tbbj.1,1000,509,D
High (= pen+neck),773,TRSC-Tbbj.1,1000,436,D
High (= pen+neck),773,TRSC-Tbbj.1,1000,463,D
High (= pen+neck),773,TRSC-Tbbj.1,1000,594,C2
High (= pen+neck),773,TRSC-Tbbj.1,1000,110,C1
High (= pen+neck),773,TRSC-Tbbj.1,1000,128,C1
High (= pen+neck),773,TRSC-Tbbj.1,1000,563,C1
High (= pen+neck),773,TRSC-Tbbj.1,1000,400,D
High (= pen+neck),773,TRSC-Tbbj.1,1000,97,C1
High (= pen+neck),773,TRSC-Tbbj.1,1000,287,C1
High (= pen+neck),773,TRSC-Tbbj.1,1000,582,C1
High (= pen+neck),773,TRSC-Tbbj.1,1000,85,C1
High (= pen+neck),773,TRSC-Tbbj.1,1000,266,C2
High (= pen+neck),773,TRSC-Tbbj.1,1000,119,C1
High (= pen+neck),773,TRSC-Tbbj.1,1000,364,C1
High (= pen+neck),773,TRSC-Tbbj.1,1000,590,B
High (= pen+neck),773,TRSC-Tbbj.2,1000,65,C1
High (= pen+neck),773,TRSC-Tbbj.2,1000,85,C2
High (= pen+neck),773,TRSC-Tbbj.2,1000,37,C1
High (= pen+neck),773,TRSC-Tbbj.2,1000,250,C1
High (= pen+neck),773,TRSC-Tbbj.2,1000,170,C1
High (= pen+neck),773,TRSC-Tbbj.2,1000,630,C1
High (= pen+neck),773,TRSC-Tbbj.2,1000,797,C1
High (= pen+neck),773,TRSC-Tbbj.2,1000,487,C2
High (= pen+neck),773,TRSC-Tbbj.2,1000,1084,C1
High (= pen+neck),773,TRSC-Tbbj.2,1000,210,C1
High (= pen+neck),773,TRSC-Tbbj.2,1000,57,C1
High (= pen+neck),773,TRSC-Tbbj.2,1000,1080,C1
High (= pen+neck),773,TRSC-Tbbj.2,1000,1223,C1
High (= pen+neck),773,TRSC-Tbbj.2,1000,1443,C1
High (= pen+neck),773,TRSC-Tbbj.2,1000,180,C1
High (= pen+neck),773,TRSC-Tbbj.2,1000,400,C2
High (= pen+neck),773,TRSC-Tbbj.2,1000,586,C1
High (= pen+neck),773,TRSC-Tbbj.2,1000,50,C1
High (= pen+neck),773,TRSC-Tbbj.2,1000,386,C2
High (= pen+neck),773,TRSC-Tbbj.2,1000,109,C1
High (= pen+neck),773,TRSC-Tbbj.2,1000,142,C2
High (= pen+neck),773,TRSC-Tbbj.2,1000,11,C1
High (= pen+neck),773,TRSC-Tbbj.2,1000,500,C1
High (= pen+neck),773,TRSC-Tbbj.2,1000,286,C1
High (= pen+neck),773,TRSC-Tbbj.2,1000,77,C1
High (= pen+neck),773,TRSC-Tbbj.2,1000,366,C1
High (= pen+neck),773,TRSC-Tbbj.2,1000,149,C1
High (= pen+neck),773,TRSC-Tbbj.2,1000,204,C1
High (= pen+neck),773,TRSC-Tbbj.2,1000,36,C2
High (= pen+neck),773,TRSC-Tbbj.2,1000,223,C1
High (= pen+neck),773,TRSC-Tbbj.2,1000,770,D
High (= pen+neck),773,TRSC-Tbbj.2,1000,392,C1
High (= pen+neck),773,TRSC-Tbbj.2,1000,345,D
High (= pen+neck),773,TRSC-Tbbj.2,1000,729,C1
High (= pen+neck),773,TRSC-Tbbj.2,1000,311,C1
High (= pen+neck),773,TRSC-Tbbj.2,1000,87,C2
High (= pen+neck),773,TRSC-Tbbj.2,1000,165,C1
High (= pen+neck),773,TRSC-Tbbj.2,1000,116,C2
High (= pen+neck),773,TRSC-Tbbj.2,1000,184,C1
High (= pen+neck),773,TRSC-Tbbj.2,1000,75,C2
High (= pen+neck),773,TRSC-Tbbj.2,1000,65,C1
High (= pen+neck),773,TRSC-Tbbj.2,1000,424,C1
High (= pen+neck),773,TRSC-Tbbj.2,1000,97,C2
High (= pen+neck),773,TRSC-Tbbj.2,1000,30,C2
High (= pen+neck),773,TRSC-Tbbj.2,1000,420,C2
High (= pen+neck),773,TRSC-Tbbj.2,1000,98,C1
High (= pen+neck),773,TRSC-Tbbj.2,1000,49,C2
High (= pen+neck),773,TRSC-Tbbj.2,1000,197,C1
High (= pen+neck),773,TRSC-Tbbj.2,1000,104,C1
High (= pen+neck),773,TRSC-Tbbj.2,1000,66,C1
High (= pen+neck),773,TRSC-Tbbj.2,1000,356,C2
High (= pen+neck),773,TRSC-Tbbj.2,1000,130,C2
High (= pen+neck),773,TRSC-Tbbj.2,1000,113,C2
High (= pen+neck),773,TRSC-Tbbj.2,1000,220,C2
High (= pen+neck),773,TRSC-Tbbj.2,1000,305,C2
High (= pen+neck),773,TRSC-Tbbj.2,1000,455,C1
High (= pen+neck),773,TRSC-Tbbj.2,1000,300,C1
High (= pen+neck),773,TRSC-Tbbj.2,1000,68,D
High (= pen+neck),773,TRSC-Tbbj.2,1000,38,C1
High (= pen+neck),773,TRSC-Tbbj.2,1000,19,C2
High (= pen+neck),773,TRSC-Tbbj.2,1000,83,C2
High (= pen+neck),773,TRSC-Tbbj.3,1000,14,D
High (= pen+neck),773,TRSC-Tbbj.3,1000,23,C1
High (= pen+neck),773,TRSC-Tbbj.3,1000,267,C1
High (= pen+neck),773,TRSC-Tbbj.3,1000,458,C2
High (= pen+neck),773,TRSC-Tbbj.3,1000,245,C1
High (= pen+neck),773,TRSC-Tbbj.3,1000,430,C2
High (= pen+neck),773,TRSC-Tbbj.3,1000,644,C1
High (= pen+neck),773,TRSC-Tbbj.3,1000,175,D
High (= pen+neck),773,TRSC-Tbbj.4,1500,197,D
High (= pen+neck),773,TRSC-Tbbj.4,1500,293,C1
High (= pen+neck),773,TRSC-Tbbj.4,1500,310,C2
High (= pen+neck),773,TRSC-Tbbj.4,1500,586,C2
High (= pen+neck),773,TRSC-Tbbj.4,1500,533,C2
High (= pen+neck),773,TRSC-Tbbj.4,1500,14,C1
High (= pen+neck),773,TRSC-Tbbj.4,1500,942,C1
High (= pen+neck),773,TRSC-Tbbj.4,1500,1153,C1
High (= pen+neck),773,TRSC-Tbbj.4,1500,174,D
High (= pen+neck),773,TRSC-Tbbj.4,1500,155,D
High (= pen+neck),773,TRSC-Tbbj.4,1500,70,C1
High (= pen+neck),773,TRSC-Tbbj.4,1500,198,D
High (= pen+neck),773,TRSC-Tbbj.4,1500,94,D
High (= pen+neck),773,TRSC-Tbbj.4,1500,36,C2
High (= pen+neck),773,TRSC-Tbbj.4,1500,215,D
High (= pen+neck),773,TRSC-Tbbj.4,1500,325,D
High (= pen+neck),773,TRSC-Tbbj.4,1500,10,D
High (= pen+neck),773,TRSC-Tbbj.4,1500,342,D
High (= pen+neck),773,TRSC-Tbbj.4,1500,390,D
High (= pen+neck),773,TRSC-Tbbj.4,1500,18,D
High (= pen+neck),773,TRSC-Tbbj.4,1500,257,D
High (= pen+neck),773,TRSC-Tbbj.4,1500,132,C1
High (= pen+neck),773,TRSC-Tbbj.4,1500,116,D
High (= pen+neck),773,TRSC-Tbbj.4,1500,275,C2
High (= pen+neck),773,TRSC-Tbbj.4,1500,348,D
High (= pen+neck),773,TRSC-Tbbj.4,1500,144,D
High (= pen+neck),773,TRSC-Tbbj.4,1500,202,D
High (= pen+neck),773,TRSC-Tbbj.4,1500,29,D
High (= pen+neck),773,TRSC-Tbbj.4,1500,95,D
High (= pen+neck),773,TRSC-Tbbj.4,1500,385,D
High (= pen+neck),773,TRSC-Tbbj.4,1500,177,D
High (= pen+neck),773,TRSC-Tbbj.5,1000,170,D
High (= pen+neck),773,TRSC-Tbbj.6,1000,75,C1
High (= pen+neck),773,TRSC-Tbbj.6,1000,215,D
High (= pen+neck),773,TRSC-Tbbj.6,1000,170,D
High (= pen+neck),773,TRSC-Pmrh.1,1500,82,D
High (= pen+neck),773,TRSC-Pmrh.1,1500,29,D
High (= pen+neck),773,TRSC-Pmrh.1,1500,145,D
High (= pen+neck),773,TRSC-Pmrh.1,1500,578,D
High (= pen+neck),773,TRSC-Pmrh.1,1500,343,D
High (= pen+neck),773,TRSC-Pmrh.1,1500,765,C2
High (= pen+neck),773,TRSC-Pmrh.1,1500,67,D
High (= pen+neck),773,TRSC-Pmrh.1,1500,243,D
High (= pen+neck),773,TRSC-Pmrh.1,1500,214,C2
High (= pen+neck),773,TRSC-Pmrh.1,1500,477,D
High (= pen+neck),773,TRSC-Pmrh.1,1500,665,D
High (= pen+neck),773,TRSC-Pmrh.1,1500,528,D
High (= pen+neck),773,TRSC-Pmrh.1,1500,427,C2
High (= pen+neck),773,TRSC-Pmrh.1,1500,168,D
High (= pen+neck),773,TRSC-Pmrh.1,1500,38,D
High (= pen+neck),773,TRSC-Pmrh.1,1500,470,D
High (= pen+neck),773,TRSC-Pmrh.1,1500,210,D
High (= pen+neck),773,TRSC-Pmrh.1,1500,486,D
High (= pen+neck),773,TRSC-Pmrh.1,1500,199,D
High (= pen+neck),773,TRSC-Pmrh.1,1500,210,D
High (= pen+neck),773,TRSC-Pmrh.1,1500,460,D
High (= pen+neck),773,TRSC-Pmrh.1,1500,140,D
High (= pen+neck),773,TRSC-Pmrh.1,1500,55,D
High (= pen+neck),773,TRSC-Pmrh.1,1500,80,D
High (= pen+neck),773,TRSC-Pmrh.1,1500,87,C2
High (= pen+neck),773,TRSC-Pmrh.1,1500,5,D
High (= pen+neck),773,TRSC-Pmrh.1,1500,206,D
High (= pen+neck),773,TRSC-Pmrh.1,1500,52,D
High (= pen+neck),773,TRSC-Pmrh.2,1300,2,D
High (= pen+neck),773,TRSC-Pmrh.2,1300,191,D
High (= pen+neck),773,TRSC-Pmrh.2,1300,58,D
High (= pen+neck),773,TRSC-Pmrh.2,1300,102,B
High (= pen+neck),773,TRSC-Pmrh.2,1300,375,D
High (= pen+neck),773,TRSC-Pmrh.2,1300,65,B
High (= pen+neck),773,TRSC-Pmrh.2,1300,485,C1
High (= pen+neck),773,TRSC-Pmrh.2,1300,66,C1
High (= pen+neck),773,TRSC-Pmrh.2,1300,8,D
High (= pen+neck),773,TRSC-Pmrh.3,1500,131,D
High (= pen+neck),773,TRSC-Pmrh.3,1500,241,D
High (= pen+neck),773,TRSC-Pmrh.3,1500,76,D
High (= pen+neck),773,TRSC-Pmrh.3,1500,170,D
High (= pen+neck),773,TRSC-Pmrh.3,1500,96,D
High (= pen+neck),773,TRSC-Pmrh.3,1500,410,D
High (= pen+neck),773,TRSC-Pmrh.3,1500,66,D
High (= pen+neck),773,TRSC-Pmrh.3,1500,518,D
High (= pen+neck),773,TRSC-Pmrh.3,1500,454,D
High (= pen+neck),773,TRSC-Pmrh.3,1500,620,D
High (= pen+neck),773,TRSC-Pmrh.3,1500,300,D
High (= pen+neck),773,TRSC-Pmrh.3,1500,130,D
High (= pen+neck),773,TRSC-Pmrh.3,1500,60,D
High (= pen+neck),773,TRSC-Pmrh.4,1500,198,D
High (= pen+neck),773,TRSC-Pmrh.4,1500,445,D
High (= pen+neck),773,TRSC-Pmrh.4,1500,190,D
High (= pen+neck),773,TRSC-Pmrh.4,1500,702,D
High (= pen+neck),773,TRSC-Pmrh.4,1500,222,D
High (= pen+neck),773,TRSC-Pmrh.4,1500,180,D
High (= pen+neck),773,TRSC-Pmrh.4,1500,50,D
High (= pen+neck),773,TRSC-Pmrh.4,1500,206,D
High (= pen+neck),773,TRSC-Pmrh.4,1500,97,D
High (= pen+neck),773,TRSC-Pmrh.4,1500,247,D
High (= pen+neck),773,TRSC-Pmrh.4,1500,70,C2
High (= pen+neck),773,TRSC-Pmrh.4,1500,250,D
High (= pen+neck),773,TRSC-Pmrh.5,150,840,D
High (= pen+neck),773,TRSC-Pmrh.5,150,125,C1
High (= pen+neck),773,TRSC-Pmrh.5,150,540,D
High (= pen+neck),773,TRSC-Pmrh.5,150,114,D
High (= pen+neck),773,TRSC-Pmrh.6,1500,118,D
High (= pen+neck),773,TRSC-Pmrh.6,1500,317,D
High (= pen+neck),773,TRSC-Pmrh.6,1500,470,B
High (= pen+neck),773,TRSC-Pmrh.6,1500,172,C1
High (= pen+neck),773,TRSC-Pmrh.6,1500,36,D
High (= pen+neck),773,TRSC-Pmrh.6,1500,70,C2
High (= pen+neck),773,TRSC-Pmrh.6,1500,183,D
High (= pen+neck),773,TRSC-Pmrh.6,1500,69,D
High (= pen+neck),773,TRSC-Pmrh.6,1500,15,D
High (= pen+neck),773,TRSC-Pmrh.6,1500,176,D
High (= pen+neck),773,TRSC-Pmrh.6,1500,247,D
High (= pen+neck),773,TRSC-Pmrh.6,1500,382,D
High (= pen+neck),773,TRSC-Pmrh.6,1500,220,D
High (= pen+neck),773,TRSC-Pmrh.6,1500,47,D
High (= pen+neck),773,TRSC-Pmrh.6,1500,207,D
High (= pen+neck),773,TRSC-Pmrh.6,1500,490,D
High (= pen+neck),773,TRSC-Pmrh.6,1500,420,D
High (= pen+neck),773,TRSC-Pmrh.6,1500,182,D
High (= pen+neck),773,TRSC-Tmpg.1,1500,167,D
High (= pen+neck),773,TRSC-Tmpg.1,1500,164,C2
High (= pen+neck),773,TRSC-Tmpg.1,1500,234,D
High (= pen+neck),773,TRSC-Tmpg.1,1500,383,D
High (= pen+neck),773,TRSC-Tmpg.1,1500,243,C2
High (= pen+neck),773,TRSC-Tmpg.1,1500,442,D
High (= pen+neck),773,TRSC-Tmpg.1,1500,320,C2
High (= pen+neck),773,TRSC-Tmpg.1,1500,94,D
High (= pen+neck),773,TRSC-Tmpg.1,1500,434,D
High (= pen+neck),773,TRSC-Tmpg.1,1500,155,D
High (= pen+neck),773,TRSC-Tmpg.1,1500,136,C2
High (= pen+neck),773,TRSC-Tmpg.1,1500,393,D
High (= pen+neck),773,TRSC-Tmpg.1,1500,1040,C1
High (= pen+neck),773,TRSC-Tmpg.1,1500,270,D
High (= pen+neck),773,TRSC-Tmpg.1,1500,290,D
High (= pen+neck),773,TRSC-Tmpg.1,1500,133,C1
High (= pen+neck),773,TRSC-Tmpg.1,1500,220,D
High (= pen+neck),773,TRSC-Tmpg.1,1500,581,D
High (= pen+neck),773,TRSC-Tmpg.1,1500,272,C1
High (= pen+neck),773,TRSC-Tmpg.1,1500,0,D
High (= pen+neck),773,TRSC-Tmpg.1,1500,86,D
High (= pen+neck),773,TRSC-Tmpg.1,1500,85,C2
High (= pen+neck),773,TRSC-Tmpg.1,1500,50,D
High (= pen+neck),773,TRSC-Tmpg.1,1500,25,C2
High (= pen+neck),773,TRSC-Tmpg.1,1500,441,C1
High (= pen+neck),773,TRSC-Tmpg.1,1500,374,C2
High (= pen+neck),773,TRSC-Tmpg.1,1500,100,D
High (= pen+neck),773,TRSC-Tmpg.2,1500,116,D
High (= pen+neck),773,TRSC-Tmpg.2,1500,478,C1
High (= pen+neck),773,TRSC-Tmpg.2,1500,283,D
High (= pen+neck),773,TRSC-Tmpg.2,1500,428,D
High (= pen+neck),773,TRSC-Tmpg.2,1500,406,D
High (= pen+neck),773,TRSC-Tmpg.2,1500,175,D
High (= pen+neck),773,TRSC-Tmpg.2,1500,343,D
High (= pen+neck),773,TRSC-Tmpg.2,1500,350,D
High (= pen+neck),773,TRSC-Tmpg.2,1500,135,D
High (= pen+neck),773,TRSC-Tmpg.2,1500,15,D
High (= pen+neck),773,TRSC-Tmpg.2,1500,173,D
High (= pen+neck),773,TRSC-Tmpg.2,1500,264,D
High (= pen+neck),773,TRSC-Tmpg.2,1500,228,D
High (= pen+neck),773,TRSC-Tmpg.2,1500,29,D
High (= pen+neck),773,TRSC-Tmpg.2,1500,416,D
High (= pen+neck),773,TRSC-Tmpg.2,1500,74,D
High (= pen+neck),773,TRSC-Tmpg.2,1500,413,D
High (= pen+neck),773,TRSC-Tmpg.2,1500,588,D
High (= pen+neck),773,TRSC-Tmpg.3,1500,81,D
High (= pen+neck),773,TRSC-Tmpg.3,1500,196,D
High (= pen+neck),773,TRSC-Tmpg.3,1500,84,D
High (= pen+neck),773,TRSC-Tmpg.3,1500,14,D
High (= pen+neck),773,TRSC-Tmpg.3,1500,250,D
High (= pen+neck),773,TRSC-Tmpg.3,1500,14,D
High (= pen+neck),773,TRSC-Tmpg.3,1500,106,D
High (= pen+neck),773,TRSC-Tmpg.3,1500,158,D
High (= pen+neck),773,TRSC-Tmpg.3,1500,294,D
High (= pen+neck),773,TRSC-Tmpg.3,1500,121,C2
High (= pen+neck),773,TRSC-Tmpg.3,1500,438,D
High (= pen+neck),773,TRSC-Tmpg.3,1500,549,C1
High (= pen+neck),773,TRSC-Tmpg.3,1500,134,D
High (= pen+neck),773,TRSC-Tmpg.3,1500,121,D
High (= pen+neck),773,TRSC-Tmpg.3,1500,328,D
High (= pen+neck),773,TRSC-Tmpg.3,1500,188,D
High (= pen+neck),773,TRSC-Tmpg.3,1500,18,D
High (= pen+neck),773,TRSC-Tmpg.3,1500,167,D
High (= pen+neck),773,TRSC-Tmpg.4,1500,117,D
High (= pen+neck),773,TRSC-Tmpg.4,1500,30,D
High (= pen+neck),773,TRSC-Tmpg.4,1500,41,D
High (= pen+neck),773,TRSC-Tmpg.4,1500,104,D
High (= pen+neck),773,TRSC-Tmpg.4,1500,204,D
High (= pen+neck),773,TRSC-Tmpg.4,1500,0,D
High (= pen+neck),773,TRSC-Tmpg.4,1500,50,D
High (= pen+neck),773,TRSC-Tmpg.4,1500,147,C2
High (= pen+neck),773,TRSC-Tmpg.4,1500,181,D
High (= pen+neck),773,TRSC-Tmpg.4,1500,66,C2
High (= pen+neck),773,TRSC-Tmpg.4,1500,244,C2
High (= pen+neck),773,TRSC-Tmpg.4,1500,372,C1
High (= pen+neck),773,TRSC-Tmpg.4,1500,380,C1
High (= pen+neck),773,TRSC-Tmpg.4,1500,122,C2
High (= pen+neck),773,TRSC-Tmpg.4,1500,330,C1
High (= pen+neck),773,TRSC-Tmpg.4,1500,988,D
High (= pen+neck),773,TRSC-Tmpg.4,1500,710,C1
High (= pen+neck),773,TRSC-Tmpg.4,1500,233,C2
High (= pen+neck),773,TRSC-Tmpg.4,1500,70,C1
High (= pen+neck),773,TRSC-Tmpg.4,1500,176,C2
High (= pen+neck),773,TRSC-Tmpg.4,1500,255,D
High (= pen+neck),773,TRSC-Tmpg.4,1500,425,C2
High (= pen+neck),773,TRSC-Tmpg.4,1500,0,D
High (= pen+neck),773,TRSC-Tmpg.4,1500,135,D
High (= pen+neck),773,TRSC-Tmpg.4,1500,186,D
High (= pen+neck),773,TRSC-Tmpg.4,1500,304,D
High (= pen+neck),773,TRSC-Tmpg.4,1500,135,C1
High (= pen+neck),773,TRSC-Tmpg.4,1500,110,C1
High (= pen+neck),773,TRSC-Tmpg.4,1500,204,C1
High (= pen+neck),773,TRSC-Tmpg.4,1500,89,C2
High (= pen+neck),773,TRSC-Tmpg.4,1500,272,D
High (= pen+neck),773,TRSC-Tmpg.4,1500,135,C2
High (= pen+neck),773,TRSC-Tmpg.4,1500,306,C1
High (= pen+neck),773,TRSC-Tmpg.4,1500,194,C1
High (= pen+neck),773,TRSC-Tmpg.4,1500,181,C2
High (= pen+neck),773,TRSC-Tmpg.4,1500,242,C1
High (= pen+neck),773,TRSC-Tmpg.4,1500,0,D
High (= pen+neck),773,TRSC-Tmpg.4,1500,0,C1
High (= pen+neck),773,TRSC-Tmpg.4,1500,585,C1
High (= pen+neck),773,TRSC-Tmpg.4,1500,300,C1
High (= pen+neck),773,TRSC-Tmpg.4,1500,240,C2
High (= pen+neck),773,TRSC-Tmpg.4,1500,181,D
High (= pen+neck),773,TRSC-Tmpg.4,1500,78,D
High (= pen+neck),773,TRSC-Tmpg.4,1500,355,C2
High (= pen+neck),773,TRSC-Tmpg.4,1500,384,C1
High (= pen+neck),773,TRSC-Tmpg.4,1500,595,C2
High (= pen+neck),773,TRSC-Tmpg.4,1500,290,C1
High (= pen+neck),773,TRSC-Tmpg.4,1500,402,C1
High (= pen+neck),773,TRSC-Tmpg.4,1500,40,C1
High (= pen+neck),773,TRSC-Tmpg.4,1500,295,C2
High (= pen+neck),773,TRSC-Tmpg.4,1500,323,C1
High (= pen+neck),773,TRSC-Tmpg.4,1500,333,C1
High (= pen+neck),773,TRSC-Tmpg.4,1500,369,C2
High (= pen+neck),773,TRSC-Tmpg.4,1500,127,C1
High (= pen+neck),773,TRSC-Tmpg.5,1500,108,D
High (= pen+neck),773,TRSC-Tmpg.5,1500,30,D
High (= pen+neck),773,TRSC-Tmpg.5,1500,270,D
High (= pen+neck),773,TRSC-Tmpg.5,1500,131,C1
High (= pen+neck),773,TRSC-Tmpg.5,1500,145,C2
High (= pen+neck),773,TRSC-Tmpg.5,1500,42,D
High (= pen+neck),773,TRSC-Tmpg.5,1500,338,D
High (= pen+neck),773,TRSC-Tmpg.5,1500,38,D
High (= pen+neck),773,TRSC-Tmpg.5,1500,240,D
High (= pen+neck),773,TRSC-Tmpg.5,1500,456,D
High (= pen+neck),773,TRSC-Tmpg.5,1500,311,D
High (= pen+neck),773,TRSC-Tmpg.5,1500,258,D
High (= pen+neck),773,TRSC-Tmpg.5,1500,510,C2
High (= pen+neck),773,TRSC-Tmpg.5,1500,310,C2
High (= pen+neck),773,TRSC-Tmpg.5,1500,37,C2
High (= pen+neck),773,TRSC-Tmpg.5,1500,510,C2
High (= pen+neck),773,TRSC-Tmpg.5,1500,480,C2
High (= pen+neck),773,TRSC-Tmpg.5,1500,343,C2
High (= pen+neck),773,TRSC-Tmpg.6,1500,99,D
High (= pen+neck),773,TRSC-Tmpg.6,1500,100,D
High (= pen+neck),773,TRSC-Tmpg.6,1500,59,D
High (= pen+neck),773,TRSC-Tmpg.6,1500,39,D
High (= pen+neck),773,TRSC-Tmpg.6,1500,201,D
High (= pen+neck),773,TRSC-Tmpg.6,1500,76,D
High (= pen+neck),773,TRSC-Tmpg.6,1500,40,D
High (= pen+neck),773,TRSC-Tmpg.6,1500,835,C1
High (= pen+neck),773,TRSC-Tmpg.6,1500,70,C2
High (= pen+neck),773,TRSC-Tmpg.6,1500,344,D
High (= pen+neck),773,TRSC-Tmpg.6,1500,34,D
High (= pen+neck),773,TRSC-Tmpg.6,1500,239,C2
High (= pen+neck),773,TRSC-Tmpg.6,1500,301,C2
High (= pen+neck),773,TRSC-Tmpg.6,1500,303,D
High (= pen+neck),773,TRSC-Tmpg.6,1500,60,C1
High (= pen+neck),773,TRSC-Tmpg.6,1500,126,D
High (= pen+neck),773,TRSC-Tmpg.6,1500,56,D
High (= pen+neck),773,TRSC-Tmpg.6,1500,405,D
High (= pen+neck),773,TRSC-Tmpg.6,1500,138,D
High (= pen+neck),773,TRSC-Tmpg.6,1500,157,D
High (= pen+neck),773,TRSC-Tmpg.6,1500,196,D
High (= pen+neck),773,TRSC-Tmpg.6,1500,242,D
High (= pen+neck),773,TRSC-Tmpg.6,1500,77,D
High (= pen+neck),773,TRSC-Tmpg.6,1500,99,D
High (= pen+neck),773,TRSC-Tmpg.6,1500,146,D
High (= pen+neck),773,TRSC-Tmpg.6,1500,30,C1
High (= pen+neck),773,TRSC-Tmpg.6,1500,90,D
High (= pen+neck),773,TRSC-Tmpg.6,1500,404,C1
High (= pen+neck),773,TRSC-Tmpg.6,1500,23,D
High (= pen+neck),773,TRSC-Tmpg.6,1500,0,C1
High (= pen+neck),773,TRSC-Tmpg.6,1500,235,D
High (= pen+neck),773,TRSC-Tmpg.6,1500,125,D
High (= pen+neck),773,TRSC-Tmpg.6,1500,693,C1
High (= pen+neck),773,TRSC-WPY.1,1500,256,D
High (= pen+neck),773,TRSC-WPY.1,1500,234,D
High (= pen+neck),773,TRSC-WPY.1,1500,126,D
High (= pen+neck),773,TRSC-WPY.1,1500,47,C2
High (= pen+neck),773,TRSC-WPY.1,1500,82,C1
High (= pen+neck),773,TRSC-WPY.1,1500,902,C1
High (= pen+neck),773,TRSC-WPY.1,1500,18,D
High (= pen+neck),773,TRSC-WPY.1,1500,77,C1
High (= pen+neck),773,TRSC-WPY.1,1500,10,D
High (= pen+neck),773,TRSC-WPY.1,1500,340,C1
High (= pen+neck),773,TRSC-WPY.1,1500,72,C1
High (= pen+neck),773,TRSC-WPY.1,1500,56,D
High (= pen+neck),773,TRSC-WPY.1,1500,57,C1
High (= pen+neck),773,TRSC-WPY.1,1500,344,C1
High (= pen+neck),773,TRSC-WPY.1,1500,465,C2
High (= pen+neck),773,TRSC-WPY.1,1500,235,C1
High (= pen+neck),773,TRSC-WPY.1,1500,58,C1
High (= pen+neck),773,TRSC-WPY.1,1500,324,D
High (= pen+neck),773,TRSC-WPY.1,1500,255,C1
High (= pen+neck),773,TRSC-WPY.1,1500,110,B
High (= pen+neck),773,TRSC-WPY.1,1500,132,D
High (= pen+neck),773,TRSC-WPY.1,1500,130,C1
High (= pen+neck),773,TRSC-WPY.1,1500,540,C2
High (= pen+neck),773,TRSC-WPY.1,1500,62,D
High (= pen+neck),773,TRSC-WPY.1,1500,245,D
High (= pen+neck),773,TRSC-WPY.1,1500,370,B
High (= pen+neck),773,TRSC-WPY.1,1500,650,C1
High (= pen+neck),773,TRSC-WPY.1,1500,485,C2
High (= pen+neck),773,TRSC-WPY.1,1500,226,C2
High (= pen+neck),773,TRSC-WPY.1,1500,344,C1
High (= pen+neck),773,TRSC-WPY.1,1500,270,D
High (= pen+neck),773,TRSC-WPY.1,1500,57,D
High (= pen+neck),773,TRSC-WPY.1,1500,163,C1
High (= pen+neck),773,TRSC-WPY.1,1500,126,D
High (= pen+neck),773,TRSC-WPY.1,1500,164,C1
High (= pen+neck),773,TRSC-WPY.1,1500,181,D
High (= pen+neck),773,TRSC-WPY.1,1500,898,D
High (= pen+neck),773,TRSC-WPY.1,1500,136,C2
High (= pen+neck),773,TRSC-WPY.1,1500,545,C1
High (= pen+neck),773,TRSC-WPY.1,1500,688,C1
High (= pen+neck),773,TRSC-WPY.1,1500,107,D
High (= pen+neck),773,TRSC-WPY.2,1000,405,D
High (= pen+neck),773,TRSC-WPY.2,1000,23,D
High (= pen+neck),773,TRSC-WPY.2,1000,304,D
High (= pen+neck),773,TRSC-WPY.2,1000,85,D
High (= pen+neck),773,TRSC-WPY.2,1000,94,D
High (= pen+neck),773,TRSC-WPY.2,1000,245,D
High (= pen+neck),773,TRSC-WPY.2,1000,24,D
High (= pen+neck),773,TRSC-WPY.2,1000,150,D
High (= pen+neck),773,TRSC-WPY.3,700,78,C1
High (= pen+neck),773,TRSC-WPY.3,700,74,C2
High (= pen+neck),773,TRSC-WPY.3,700,115,C2
High (= pen+neck),773,TRSC-WPY.3,700,130,C2
High (= pen+neck),773,TRSC-WPY.3,700,110,C1
High (= pen+neck),773,TRSC-WPY.3,700,607,C2
High (= pen+neck),773,TRSC-WPY.3,700,466,B
High (= pen+neck),773,TRSC-WPY.3,700,568,B
High (= pen+neck),773,TRSC-WPY.3,700,575,C1
High (= pen+neck),773,TRSC-WPY.3,700,82,D
High (= pen+neck),773,TRSC-WPY.3,700,190,C1
High (= pen+neck),773,TRSC-WPY.3,700,234,D
High (= pen+neck),773,TRSC-WPY.3,700,91,C1
High (= pen+neck),773,TRSC-WPY.3,700,848,B
High (= pen+neck),773,TRSC-WPY.3,700,245,B
High (= pen+neck),773,TRSC-WPY.3,700,37,C1
High (= pen+neck),773,TRSC-WPY.3,700,503,C2
High (= pen+neck),773,TRSC-WPY.3,700,252,C1
High (= pen+neck),773,TRSC-WPY.3,700,270,D
High (= pen+neck),773,TRSC-WPY.3,700,704,D
High (= pen+neck),773,TRSC-WPY.3,700,88,D
High (= pen+neck),773,TRSC-WPY.3,700,29,C1
High (= pen+neck),773,TRSC-WPY.3,700,46,C1
High (= pen+neck),773,TRSC-WPY.3,700,232,C1
High (= pen+neck),773,TRSC-WPY.3,700,530,C1
High (= pen+neck),773,TRSC-WPY.3,700,720,D
High (= pen+neck),773,TRSC-WPY.3,700,328,C1
High (= pen+neck),773,TRSC-WPY.3,700,243,C2
High (= pen+neck),773,TRSC-WPY.3,700,132,D
High (= pen+neck),773,TRSC-WPY.3,700,253,C1
High (= pen+neck),773,TRSC-WPY.3,700,228,D
High (= pen+neck),773,TRSC-WPY.3,700,415,D
High (= pen+neck),773,TRSC-WPY.3,700,196,D
High (= pen+neck),773,TRSC-WPY.3,700,30,C2
High (= pen+neck),773,TRSC-WPY.3,700,54,D
High (= pen+neck),773,TRSC-WPY.3,700,290,B
High (= pen+neck),773,TRSC-WPY.3,700,79,C1
High (= pen+neck),773,TRSC-WPY.3,700,224,D
High (= pen+neck),773,TRSC-WPY.3,700,328,C1
High (= pen+neck),773,TRSC-WPY.3,700,195,B
High (= pen+neck),773,TRSC-WPY.3,700,18,D
High (= pen+neck),773,TRSC-WPY.3,700,470,C1
High (= pen+neck),773,TRSC-WPY.4,1500,244,D
High (= pen+neck),773,TRSC-WPY.4,1500,114,D
High (= pen+neck),773,TRSC-WPY.4,1500,417,C2
High (= pen+neck),773,TRSC-WPY.4,1500,100,C1
High (= pen+neck),773,TRSC-WPY.4,1500,74,C1
High (= pen+neck),773,TRSC-WPY.4,1500,454,C1
High (= pen+neck),773,TRSC-WPY.4,1500,418,C1
High (= pen+neck),773,TRSC-WPY.4,1500,350,C1
High (= pen+neck),773,TRSC-WPY.4,1500,393,D
High (= pen+neck),773,TRSC-WPY.4,1500,410,D
High (= pen+neck),773,TRSC-WPY.4,1500,257,C1
High (= pen+neck),773,TRSC-WPY.4,1500,266,D
High (= pen+neck),773,TRSC-WPY.4,1500,50,D
High (= pen+neck),773,TRSC-WPY.4,1500,110,D
High (= pen+neck),773,TRSC-WPY.4,1500,290,D
High (= pen+neck),773,TRSC-WPY.4,1500,158,D
High (= pen+neck),773,TRSC-WPY.4,1500,95,D
High (= pen+neck),773,TRSC-WPY.4,1500,24,D
High (= pen+neck),773,TRSC-WPY.4,1500,8,D
High (= pen+neck),773,TRSC-WPY.4,1500,1020,D
High (= pen+neck),773,TRSC-WPY.4,1500,54,D
High (= pen+neck),773,TRSC-WPY.4,1500,243,D
High (= pen+neck),773,TRSC-WPY.4,1500,60,C1
High (= pen+neck),773,TRSC-WPY.5,1000,144,D
High (= pen+neck),773,TRSC-WPY.5,1000,49,D
High (= pen+neck),773,TRSC-WPY.5,1000,10,D
High (= pen+neck),773,TRSC-WPY.5,1000,348,D
High (= pen+neck),773,TRSC-WPY.5,1000,460,D
High (= pen+neck),773,TRSC-WPY.5,1000,209,D
High (= pen+neck),773,TRSC-WPY.5,1000,63,D
High (= pen+neck),773,TRSC-WPY.5,1000,7,D
High (= pen+neck),773,TRSC-WPY.5,1000,375,D
High (= pen+neck),773,TRSC-WPY.5,1000,584,C1
High (= pen+neck),773,TRSC-WPY.5,1000,610,C1
High (= pen+neck),773,TRSC-WPY.5,1000,360,C1
High (= pen+neck),773,TRSC-WPY.5,1000,65,D
High (= pen+neck),773,TRSC-WPY.5,1000,319,D
High (= pen+neck),773,TRSC-WyMNG.1,1500,530,C2
High (= pen+neck),773,TRSC-WyMNG.1,1500,175,D
High (= pen+neck),773,TRSC-WyMNG.1,1500,2,C1
High (= pen+neck),773,TRSC-WyMNG.1,1500,71,B
High (= pen+neck),773,TRSC-WyMNG.1,1500,500,C1
High (= pen+neck),773,TRSC-WyMNG.1,1500,410,B
High (= pen+neck),773,TRSC-WyMNG.1,1500,222,C1
High (= pen+neck),773,TRSC-WyMNG.1,1500,535,C2
High (= pen+neck),773,TRSC-WyMNG.1,1500,662,C1
High (= pen+neck),773,TRSC-WyMNG.1,1500,105,C1
High (= pen+neck),773,TRSC-WyMNG.1,1500,613,C1
High (= pen+neck),773,TRSC-WyMNG.1,1500,605,C1
High (= pen+neck),773,TRSC-WyMNG.1,1500,598,C1
High (= pen+neck),773,TRSC-WyMNG.1,1500,642,C1
High (= pen+neck),773,TRSC-WyMNG.1,1500,10,C1
High (= pen+neck),773,TRSC-WyMNG.1,1500,206,C1
High (= pen+neck),773,TRSC-WyMNG.1,1500,150,C1
High (= pen+neck),773,TRSC-WyMNG.1,1500,130,C2
High (= pen+neck),773,TRSC-WyMNG.1,1500,240,C1
High (= pen+neck),773,TRSC-WyMNG.1,1500,573,C1
High (= pen+neck),773,TRSC-WyMNG.1,1500,687,C1
High (= pen+neck),773,TRSC-WyMNG.1,1500,555,C1
High (= pen+neck),773,TRSC-WyMNG.1,1500,204,D
High (= pen+neck),773,TRSC-WyMNG.1,1500,204,C2
High (= pen+neck),773,TRSC-WyMNG.1,1500,39,C1
High (= pen+neck),773,TRSC-WyMNG.1,1500,565,C1
High (= pen+neck),773,TRSC-WyMNG.1,1500,63,C1
High (= pen+neck),773,TRSC-WyMNG.1,1500,325,C1
High (= pen+neck),773,TRSC-WyMNG.1,1500,10,C1
High (= pen+neck),773,TRSC-WyMNG.1,1500,21,B
High (= pen+neck),773,TRSC-WyMNG.1,1500,375,C1
High (= pen+neck),773,TRSC-WyMNG.1,1500,454,C2
High (= pen+neck),773,TRSC-WyMNG.1,1500,90,C1
High (= pen+neck),773,TRSC-WyMNG.1,1500,86,C1
High (= pen+neck),773,TRSC-WyMNG.1,1500,8,C1
High (= pen+neck),773,TRSC-WyMNG.1,1500,420,B
High (= pen+neck),773,TRSC-WyMNG.1,1500,130,C2
High (= pen+neck),773,TRSC-WyMNG.1,1500,182,D
High (= pen+neck),773,TRSC-WyMNG.1,1500,238,D
High (= pen+neck),773,TRSC-WyMNG.1,1500,326,D
High (= pen+neck),773,TRSC-WyMNG.1,1500,16,C1
High (= pen+neck),773,TRSC-WyMNG.1,1500,11,C1
High (= pen+neck),773,TRSC-WyMNG.1,1500,293,C2
High (= pen+neck),773,TRSC-WyMNG.1,1500,382,C2
High (= pen+neck),773,TRSC-WyMNG.1,1500,15,C1
High (= pen+neck),773,TRSC-WyMNG.1,1500,274,C1
High (= pen+neck),773,TRSC-WyMNG.1,1500,18,D
High (= pen+neck),773,TRSC-WyMNG.1,1500,123,D
High (= pen+neck),773,TRSC-WyMNG.1,1500,163,C2
High (= pen+neck),773,TRSC-WyMNG.1,1500,186,C1
High (= pen+neck),773,TRSC-WyMNG.1,1500,930,C2
High (= pen+neck),773,TRSC-WyMNG.1,1500,546,C1
High (= pen+neck),773,TRSC-WyMNG.1,1500,42,D
High (= pen+neck),773,TRSC-WyMNG.1,1500,352,C1
High (= pen+neck),773,TRSC-WyMNG.1,1500,81,D
High (= pen+neck),773,TRSC-WyMNG.1,1500,320,C2
High (= pen+neck),773,TRSC-WyMNG.1,1500,330,C2
High (= pen+neck),773,TRSC-WyMNG.1,1500,75,D
High (= pen+neck),773,TRSC-WyMNG.1,1500,391,C2
High (= pen+neck),773,TRSC-WyMNG.1,1500,183,C2
High (= pen+neck),773,TRSC-WyMNG.1,1500,465,D
High (= pen+neck),773,TRSC-WyMNG.1,1500,377,C2
High (= pen+neck),773,TRSC-WyMNG.1,1500,579,C2
High (= pen+neck),773,TRSC-WyMNG.1,1500,828,C2
High (= pen+neck),773,TRSC-WyMNG.1,1500,469,D
High (= pen+neck),773,TRSC-WyMNG.1,1500,447,C1
High (= pen+neck),773,TRSC-WyMNG.1,1500,50,C2
High (= pen+neck),773,TRSC-WyMNG.1,1500,635,C2
High (= pen+neck),773,TRSC-WyMNG.1,1500,292,C2
High (= pen+neck),773,TRSC-WyMNG.1,1500,65,C1
High (= pen+neck),773,TRSC-WyMNG.1,1500,251,C2
High (= pen+neck),773,TRSC-WyMNG.1,1500,340,C2
High (= pen+neck),773,TRSC-WyMNG.1,1500,719,C1
High (= pen+neck),773,TRSC-WyMNG.1,1500,271,C1
High (= pen+neck),773,TRSC-WyMNG.1,1500,155,D
High (= pen+neck),773,TRSC-WyMNG.1,1500,120,D
High (= pen+neck),773,TRSC-WyMNG.1,1500,556,D
High (= pen+neck),773,TRSC-WyMNG.1,1500,636,C1
High (= pen+neck),773,TRSC-WyMNG.1,1500,294,D
High (= pen+neck),773,TRSC-WyMNG.1,1500,337,C1
High (= pen+neck),773,TRSC-WyMNG.1,1500,200,D
High (= pen+neck),773,TRSC-WyMNG.1,1500,74,C1
High (= pen+neck),773,TRSC-WyMNG.1,1500,247,D
High (= pen+neck),773,TRSC-WyMNG.1,1500,240,D
High (= pen+neck),773,TRSC-WyMNG.1,1500,106,C2
High (= pen+neck),773,TRSC-WyMNG.1,1500,40,D
High (= pen+neck),773,TRSC-WyMNG.1,1500,220,C2
High (= pen+neck),773,TRSC-WyMNG.1,1500,343,C1
High (= pen+neck),773,TRSC-WyMNG.1,1500,236,C1
High (= pen+neck),773,TRSC-WyMNG.1,1500,200,C1
High (= pen+neck),773,TRSC-WyMNG.1,1500,105,C1
High (= pen+neck),773,TRSC-WyMNG.1,1500,135,C2
High (= pen+neck),773,TRSC-WyMNG.1,1500,460,C1
High (= pen+neck),773,TRSC-WyMNG.1,1500,220,C1
High (= pen+neck),773,TRSC-WyMNG.1,1500,110,C1
High (= pen+neck),773,TRSC-WyMNG.1,1500,399,C1
High (= pen+neck),773,TRSC-WyMNG.1,1500,310,D
High (= pen+neck),773,TRSC-WyMNG.1,1500,436,C1
High (= pen+neck),773,TRSC-WyMNG.1,1500,258,C2
High (= pen+neck),773,TRSC-WyMNG.2,1060,452,C2
High (= pen+neck),773,TRSC-WyMNG.2,1060,230,C1
High (= pen+neck),773,TRSC-WyMNG.2,1060,18,C1
High (= pen+neck),773,TRSC-WyMNG.2,1060,359,C1
High (= pen+neck),773,TRSC-WyMNG.2,1060,420,C2
High (= pen+neck),773,TRSC-WyMNG.2,1060,60,D
High (= pen+neck),773,TRSC-WyMNG.2,1060,276,D
High (= pen+neck),773,TRSC-WyMNG.2,1060,456,C1
High (= pen+neck),773,TRSC-WyMNG.2,1060,12,C2
High (= pen+neck),773,TRSC-WyMNG.2,1060,160,C1
High (= pen+neck),773,TRSC-WyMNG.2,1060,142,C1
High (= pen+neck),773,TRSC-WyMNG.2,1060,522,B
High (= pen+neck),773,TRSC-WyMNG.2,1060,352,C1
High (= pen+neck),773,TRSC-WyMNG.2,1060,22,B
High (= pen+neck),773,TRSC-WyMNG.2,1060,356,B
High (= pen+neck),773,TRSC-WyMNG.2,1060,405,C1
High (= pen+neck),773,TRSC-WyMNG.2,1060,472,C1
High (= pen+neck),773,TRSC-WyMNG.2,1060,21,C1
High (= pen+neck),773,TRSC-WyMNG.2,1060,73,C2
High (= pen+neck),773,TRSC-WyMNG.2,1060,77,B
High (= pen+neck),773,TRSC-WyMNG.2,1060,208,C1
High (= pen+neck),773,TRSC-WyMNG.2,1060,314,C2
High (= pen+neck),773,TRSC-WyMNG.2,1060,310,C1
High (= pen+neck),773,TRSC-WyMNG.2,1060,324,C1
High (= pen+neck),773,TRSC-WyMNG.2,1060,342,C2
High (= pen+neck),773,TRSC-WyMNG.2,1060,462,C2
High (= pen+neck),773,TRSC-WyMNG.2,1060,577,C1
High (= pen+neck),773,TRSC-WyMNG.2,1060,482,C1
High (= pen+neck),773,TRSC-WyMNG.2,1060,1,C1
High (= pen+neck),773,TRSC-WyMNG.2,1060,270,C1
High (= pen+neck),773,TRSC-WyMNG.2,1060,531,D
High (= pen+neck),773,TRSC-WyMNG.2,1060,433,C1
High (= pen+neck),773,TRSC-WyMNG.2,1060,543,C1
High (= pen+neck),773,TRSC-WyMNG.2,1060,85,C1
High (= pen+neck),773,TRSC-WyMNG.2,1060,96,C1
High (= pen+neck),773,TRSC-WyMNG.2,1060,303,C1
High (= pen+neck),773,TRSC-WyMNG.2,1060,365,C2
High (= pen+neck),773,TRSC-WyMNG.2,1060,38,C2
High (= pen+neck),773,TRSC-WyMNG.2,1060,361,C2
High (= pen+neck),773,TRSC-WyMNG.2,1060,724,C1
High (= pen+neck),773,TRSC-WyMNG.2,1060,803,C2
High (= pen+neck),773,TRSC-WyMNG.2,1060,195,C1
High (= pen+neck),773,TRSC-WyMNG.2,1060,368,C1
High (= pen+neck),773,TRSC-WyMNG.2,1060,470,C2
High (= pen+neck),773,TRSC-WyMNG.2,1060,463,C2
High (= pen+neck),773,TRSC-WyMNG.2,1060,40,C1
High (= pen+neck),773,TRSC-WyMNG.2,1060,914,C1
High (= pen+neck),773,TRSC-WyMNG.2,1060,1359,C1
High (= pen+neck),773,TRSC-WyMNG.2,1060,188,C1
High (= pen+neck),773,TRSC-WyMNG.2,1060,39,C2
High (= pen+neck),773,TRSC-WyMNG.2,1060,196,C1
High (= pen+neck),773,TRSC-WyMNG.2,1060,180,D
High (= pen+neck),773,TRSC-WyMNG.2,1060,195,C2
High (= pen+neck),773,TRSC-WyMNG.2,1060,245,B
High (= pen+neck),773,TRSC-WyMNG.2,1060,340,D
High (= pen+neck),773,TRSC-WyMNG.2,1060,391,D
High (= pen+neck),773,TRSC-WyMNG.2,1060,585,D
High (= pen+neck),773,TRSC-WyMNG.2,1060,854,C1
High (= pen+neck),773,TRSC-WyMNG.2,1060,993,C1
High (= pen+neck),773,TRSC-WyMNG.2,1060,468,C2
High (= pen+neck),773,TRSC-WyMNG.2,1060,487,C2
High (= pen+neck),773,TRSC-WyMNG.2,1060,249,C1
High (= pen+neck),773,TRSC-WyMNG.2,1060,393,C1
High (= pen+neck),773,TRSC-WyMNG.2,1060,462,C1
High (= pen+neck),773,TRSC-WyMNG.2,1060,231,C2
High (= pen+neck),773,TRSC-WyMNG.2,1060,265,C1
High (= pen+neck),773,TRSC-WyMNG.2,1060,309,D
High (= pen+neck),773,TRSC-WyMNG.2,1060,144,B
High (= pen+neck),773,TRSC-WyMNG.2,1060,320,C1
High (= pen+neck),773,TRSC-WyMNG.2,1060,319,C2
High (= pen+neck),773,TRSC-WyMNG.2,1060,632,D
High (= pen+neck),773,TRSC-WyMNG.2,1060,808,C1
High (= pen+neck),773,TRSC-WyMNG.2,1060,248,D
High (= pen+neck),773,TRSC-WyMNG.2,1060,763,C1
High (= pen+neck),773,TRSC-WyMNG.2,1060,436,C2
High (= pen+neck),773,TRSC-WyMNG.2,1060,676,C1
High (= pen+neck),773,TRSC-WyMNG.2,1060,130,C1
High (= pen+neck),773,TRSC-WyMNG.2,1060,125,C1
High (= pen+neck),773,TRSC-WyMNG.2,1060,110,D
High (= pen+neck),773,TRSC-WyMNG.2,1060,284,D
High (= pen+neck),773,TRSC-WyMNG.2,1060,389,C2
High (= pen+neck),773,TRSC-WyMNG.2,1060,500,C2
High (= pen+neck),773,TRSC-WyMNG.2,1060,361,C2
High (= pen+neck),773,TRSC-WyMNG.2,1060,613,D
High (= pen+neck),773,TRSC-WyMNG.2,1060,343,C1
High (= pen+neck),773,TRSC-WyMNG.2,1060,159,C1
High (= pen+neck),773,TRSC-WyMNG.2,1060,159,B
High (= pen+neck),773,TRSC-WyMNG.2,1060,202,C2
High (= pen+neck),773,TRSC-WyMNG.2,1060,383,C1
High (= pen+neck),773,TRSC-WyMNG.2,1060,503,C1
High (= pen+neck),773,TRSC-WyMNG.2,1060,370,D
High (= pen+neck),773,TRSC-WyMNG.2,1060,497,C1
High (= pen+neck),773,TRSC-WyMNG.2,1060,500,C1
High (= pen+neck),773,TRSC-WyMNG.2,1060,174,D
High (= pen+neck),773,TRSC-WyMNG.2,1060,279,D
High (= pen+neck),773,TRSC-WyMNG.2,1060,488,C2
High (= pen+neck),773,TRSC-WyMNG.2,1060,317,C1
High (= pen+neck),773,TRSC-WyMNG.2,1060,634,D
High (= pen+neck),773,TRSC-WyMNG.2,1060,335,D
High (= pen+neck),773,TRSC-WyMNG.2,1060,104,B
High (= pen+neck),773,TRSC-WyMNG.2,1060,385,C1
High (= pen+neck),773,TRSC-WyMNG.2,1060,760,C1
High (= pen+neck),773,TRSC-WyMNG.2,1060,651,C2
High (= pen+neck),773,TRSC-WyMNG.2,1060,664,C2
High (= pen+neck),773,TRSC-WyMNG.2,1060,40,D
High (= pen+neck),773,TRSC-WyMNG.2,1060,234,D
High (= pen+neck),773,TRSC-WyMNG.2,1060,473,C1
High (= pen+neck),773,TRSC-WyMNG.2,1060,529,D
High (= pen+neck),773,TRSC-WyMNG.2,1060,590,C2
High (= pen+neck),773,TRSC-WyMNG.2,1060,688,D
High (= pen+neck),773,TRSC-WyMNG.2,1060,754,D
High (= pen+neck),773,TRSC-WyMNG.2,1060,722,C2
High (= pen+neck),773,TRSC-WyMNG.2,1060,270,D
High (= pen+neck),773,TRSC-WyMNG.2,1060,46,D
High (= pen+neck),773,TRSC-WyMNG.2,1060,730,C1
High (= pen+neck),773,TRSC-WyMNG.2,1060,666,C2
High (= pen+neck),773,TRSC-WyMNG.2,1060,189,C2
High (= pen+neck),773,TRSC-WyMNG.2,1060,34,D
High (= pen+neck),773,TRSC-WyMNG.2,1060,545,C1
High (= pen+neck),773,TRSC-WyMNG.2,1060,593,B
High (= pen+neck),773,TRSC-WyMNG.2,1060,522,C1
High (= pen+neck),773,TRSC-WyMNG.2,1060,557,C2
High (= pen+neck),773,TRSC-WyMNG.2,1060,773,C1
High (= pen+neck),773,TRSC-WyMNG.2,1060,1500,C1
High (= pen+neck),773,TRSC-WyMNG.2,1060,190,C1
High (= pen+neck),773,TRSC-WyMNG.2,1060,56,C1
High (= pen+neck),773,TRSC-WyMNG.2,1060,122,C1
High (= pen+neck),773,TRSC-WyMNG.2,1060,171,C1
High (= pen+neck),773,TRSC-WyMNG.2,1060,91,C1
High (= pen+neck),773,TRSC-WyMNG.2,1060,88,D
High (= pen+neck),773,TRSC-WyMNG.2,1060,402,D
High (= pen+neck),773,TRSC-WyMNG.2,1060,250,C1
High (= pen+neck),773,TRSC-WyMNG.2,1060,26,C1
High (= pen+neck),773,TRSC-WyMNG.2,1060,261,C1
High (= pen+neck),773,TRSC-WyMNG.2,1060,154,C2
High (= pen+neck),773,TRSC-WyMNG.2,1060,178,C1
High (= pen+neck),773,TRSC-WyMNG.2,1060,15,C1
High (= pen+neck),773,TRSC-WyMNG.2,1060,184,C1
High (= pen+neck),773,TRSC-WyMNG.2,1060,135,C1
High (= pen+neck),773,TRSC-WyMNG.2,1060,259,C1
High (= pen+neck),773,TRSC-WyMNG.2,1060,9,C1
High (= pen+neck),773,TRSC-WyMNG.2,1060,60,C1
High (= pen+neck),773,TRSC-WyMNG.2,1060,143,C1
High (= pen+neck),773,TRSC-WyMNG.2,1060,170,C1
High (= pen+neck),773,TRSC-WyMNG.2,1060,194,C1
High (= pen+neck),773,TRSC-WyMNG.3,1395,557,C2
High (= pen+neck),773,TRSC-WyMNG.3,1395,454,C1
High (= pen+neck),773,TRSC-WyMNG.3,1395,771,C2
High (= pen+neck),773,TRSC-WyMNG.3,1395,98,C1
High (= pen+neck),773,TRSC-WyMNG.3,1395,138,D
High (= pen+neck),773,TRSC-WyMNG.3,1395,117,D
High (= pen+neck),773,TRSC-WyMNG.3,1395,92,C1
High (= pen+neck),773,TRSC-WyMNG.3,1395,40,C1
High (= pen+neck),773,TRSC-WyMNG.3,1395,392,D
High (= pen+neck),773,TRSC-WyMNG.3,1395,317,D
High (= pen+neck),773,TRSC-WyMNG.3,1395,912,C1
High (= pen+neck),773,TRSC-WyMNG.3,1395,668,C1
High (= pen+neck),773,TRSC-WyMNG.3,1395,295,C1
High (= pen+neck),773,TRSC-WyMNG.3,1395,460,C1
High (= pen+neck),773,TRSC-WyMNG.3,1395,90,C1
High (= pen+neck),773,TRSC-WyMNG.3,1395,527,C1
High (= pen+neck),773,TRSC-WyMNG.3,1395,654,C1
High (= pen+neck),773,TRSC-WyMNG.3,1395,910,C1
High (= pen+neck),773,TRSC-WyMNG.3,1395,98,D
High (= pen+neck),773,TRSC-WyMNG.3,1395,98,C2
High (= pen+neck),773,TRSC-WyMNG.3,1395,223,C2
High (= pen+neck),773,TRSC-WyMNG.3,1395,702,C2
High (= pen+neck),773,TRSC-WyMNG.3,1395,881,C2
High (= pen+neck),773,TRSC-WyMNG.3,1395,555,C1
High (= pen+neck),773,TRSC-WyMNG.3,1395,762,B
High (= pen+neck),773,TRSC-WyMNG.3,1395,593,D
High (= pen+neck),773,TRSC-WyMNG.3,1395,45,C1
High (= pen+neck),773,TRSC-WyMNG.3,1395,303,C1
High (= pen+neck),773,TRSC-WyMNG.3,1395,63,C1
High (= pen+neck),773,TRSC-WyMNG.3,1395,593,C1
High (= pen+neck),773,TRSC-WyMNG.3,1395,287,B
High (= pen+neck),773,TRSC-WyMNG.3,1395,662,D
High (= pen+neck),773,TRSC-WyMNG.3,1395,76,C1
High (= pen+neck),773,TRSC-WyMNG.3,1395,224,C1
High (= pen+neck),773,TRSC-WyMNG.3,1395,396,C1
High (= pen+neck),773,TRSC-WyMNG.3,1395,68,D
High (= pen+neck),773,TRSC-WyMNG.3,1395,125,C2
High (= pen+neck),773,TRSC-WyMNG.3,1395,283,D
High (= pen+neck),773,TRSC-WyMNG.3,1395,37,D
High (= pen+neck),773,TRSC-WyMNG.3,1395,11,D
High (= pen+neck),773,TRSC-WyMNG.3,1395,257,D
High (= pen+neck),773,TRSC-WyMNG.3,1395,43,B
High (= pen+neck),773,TRSC-WyMNG.3,1395,345,D
High (= pen+neck),773,TRSC-WyMNG.3,1395,207,C2
High (= pen+neck),773,TRSC-WyMNG.3,1395,130,D
High (= pen+neck),773,TRSC-WyMNG.3,1395,341,B
High (= pen+neck),773,TRSC-WyMNG.3,1395,100,C1
High (= pen+neck),773,TRSC-WyMNG.3,1395,590,C2
High (= pen+neck),773,TRSC-WyMNG.3,1395,240,C1
High (= pen+neck),773,TRSC-WyMNG.3,1395,497,C2
High (= pen+neck),773,TRSC-WyMNG.4,1300,181,D
High (= pen+neck),773,TRSC-WyMNG.4,1300,207,D
High (= pen+neck),773,TRSC-WyMNG.4,1300,900,C1
High (= pen+neck),773,TRSC-WyMNG.4,1300,560,C1
High (= pen+neck),773,TRSC-WyMNG.4,1300,918,C2
High (= pen+neck),773,TRSC-WyMNG.4,1300,997,C2
High (= pen+neck),773,TRSC-WyMNG.4,1300,1420,D
High (= pen+neck),773,TRSC-WyMNG.4,1300,436,C1
High (= pen+neck),773,TRSC-WyMNG.4,1300,560,C1
High (= pen+neck),773,TRSC-WyMNG.4,1300,420,C1
High (= pen+neck),773,TRSC-WyMNG.4,1300,557,C1
High (= pen+neck),773,TRSC-WyMNG.4,1300,590,C1
High (= pen+neck),773,TRSC-WyMNG.4,1300,686,C1
High (= pen+neck),773,TRSC-WyMNG.4,1300,737,C1
High (= pen+neck),773,TRSC-WyMNG.4,1300,472,C1
High (= pen+neck),773,TRSC-WyMNG.4,1300,497,C1
High (= pen+neck),773,TRSC-WyMNG.4,1300,267,C1
High (= pen+neck),773,TRSC-WyMNG.4,1300,170,D
High (= pen+neck),773,TRSC-WyMNG.4,1300,280,D
High (= pen+neck),773,TRSC-WyMNG.4,1300,830,C2
High (= pen+neck),773,TRSC-WyMNG.4,1300,120,C2
High (= pen+neck),773,TRSC-WyMNG.4,1300,37,D
High (= pen+neck),773,TRSC-WyMNG.4,1300,85,C1
High (= pen+neck),773,TRSC-WyMNG.4,1300,160,C1
High (= pen+neck),773,TRSC-WyMNG.4,1300,497,D
High (= pen+neck),773,TRSC-WyMNG.4,1300,36,D
High (= pen+neck),773,TRSC-WyMNG.4,1300,703,C1
High (= pen+neck),773,TRSC-WyMNG.4,1300,103,C1
High (= pen+neck),773,TRSC-WyMNG.4,1300,565,C1
High (= pen+neck),773,TRSC-WyMNG.4,1300,603,C1
High (= pen+neck),773,TRSC-WyMNG.4,1300,97,C1
High (= pen+neck),773,TRSC-WyMNG.4,1300,1176,C1
High (= pen+neck),773,TRSC-WyMNG.4,1300,261,C1
High (= pen+neck),773,TRSC-WyMNG.4,1300,268,C2
High (= pen+neck),773,TRSC-WyMNG.4,1300,25,C1
High (= pen+neck),773,TRSC-WyMNG.4,1300,124,B
High (= pen+neck),773,TRSC-WyMNG.4,1300,467,C2
High (= pen+neck),773,TRSC-WyMNG.5,1500,371,D
High (= pen+neck),773,TRSC-WyMNG.5,1500,202,D
High (= pen+neck),773,TRSC-WyMNG.5,1500,20,D
High (= pen+neck),773,TRSC-WyMNG.5,1500,363,D
High (= pen+neck),773,TRSC-WyMNG.5,1500,254,D
High (= pen+neck),773,TRSC-WyMNG.5,1500,200,C1
High (= pen+neck),773,TRSC-WyMNG.5,1500,185,C1
High (= pen+neck),773,TRSC-WyMNG.5,1500,330,C1
High (= pen+neck),773,TRSC-WyMNG.5,1500,344,B
High (= pen+neck),773,TRSC-WyMNG.5,1500,342,B
High (= pen+neck),773,TRSC-WyMNG.5,1500,458,C1
High (= pen+neck),773,TRSC-WyMNG.5,1500,513,C2
High (= pen+neck),773,TRSC-WyMNG.5,1500,245,C1
High (= pen+neck),773,TRSC-WyMNG.5,1500,533,C1
High (= pen+neck),773,TRSC-WyMNG.5,1500,70,D
High (= pen+neck),773,TRSC-WyMNG.5,1500,300,C1
High (= pen+neck),773,TRSC-WyMNG.5,1500,334,C1
High (= pen+neck),773,TRSC-WyMNG.5,1500,7,B
High (= pen+neck),773,TRSC-WyMNG.5,1500,184,C1
High (= pen+neck),773,TRSC-WyMNG.5,1500,155,D
High (= pen+neck),773,TRSC-WyMNG.5,1500,17,D
High (= pen+neck),773,TRSC-WyMNG.5,1500,25,D
High (= pen+neck),773,TRSC-WyMNG.5,1500,79,D
High (= pen+neck),773,TRSC-WyMNG.5,1500,117,D
High (= pen+neck),773,TRSC-WyMNG.5,1500,37,C2
High (= pen+neck),773,TRSC-WyMNG.5,1500,495,C1
High (= pen+neck),773,TRSC-WyMNG.5,1500,489,C1
High (= pen+neck),773,TRSC-WyMNG.5,1500,569,D
High (= pen+neck),773,TRSC-WyMNG.5,1500,487,C1
High (= pen+neck),773,TRSC-WyMNG.5,1500,90,C1
High (= pen+neck),773,TRSC-WyMNG.5,1500,126,C1
High (= pen+neck),773,TRSC-WyMNG.5,1500,347,D
High (= pen+neck),773,TRSC-WyMNG.5,1500,112,D
High (= pen+neck),773,TRSC-WyMNG.5,1500,98,D
High (= pen+neck),773,TRSC-WyMNG.6,1500,42,D
High (= pen+neck),773,TRSC-WyMNG.6,1500,58,D
High (= pen+neck),773,TRSC-WyMNG.6,1500,438,D
High (= pen+neck),773,TRSC-WyMNG.6,1500,10,D
High (= pen+neck),773,TRSC-WyMNG.6,1500,380,D
High (= pen+neck),773,TRSC-WyMNG.6,1500,19,D
High (= pen+neck),773,TRSC-WyMNG.6,1500,201,C1
High (= pen+neck),773,TRSC-WyMNG.6,1500,37,D
High (= pen+neck),773,TRSC-WyMNG.6,1500,153,D
High (= pen+neck),773,TRSC-WyMNG.6,1500,365,D
High (= pen+neck),773,TRSC-WyMNG.6,1500,240,D
High (= pen+neck),773,TRSC-WyMNG.6,1500,254,C1
High (= pen+neck),773,TRSC-WyMNG.6,1500,333,C1
High (= pen+neck),773,TRSC-WyMNG.6,1500,433,C2
High (= pen+neck),773,TRSC-WyMNG.6,1500,480,C2
High (= pen+neck),773,TRSC-WyMNG.6,1500,330,D
High (= pen+neck),773,TRSC-WyMNG.6,1500,174,D
High (= pen+neck),773,TRSC-WyMNG.6,1500,512,C2
High (= pen+neck),773,TRSC-WyMNG.6,1500,223,C1
High (= pen+neck),773,TRSC-WyMNG.6,1500,210,C1
High (= pen+neck),773,TRSC-WyMNG.6,1500,30,C1
High (= pen+neck),773,TRSC-WyMNG.6,1500,247,C2
High (= pen+neck),773,TRSC-WyMNG.6,1500,655,C1
High (= pen+neck),773,TRSC-WyMNG.6,1500,5,D
High (= pen+neck),773,TRSC-WyMNG.6,1500,152,D
High (= pen+neck),773,TRSC-WyMNG.6,1500,361,C1
High (= pen+neck),773,TRSC-WyMNG.6,1500,397,C1
High (= pen+neck),773,TRSC-WyMNG.6,1500,317,D
High (= pen+neck),773,TRSC-WyMNG.6,1500,100,D
High (= pen+neck),773,TRSC-WyMNG.6,1500,170,C1
High (= pen+neck),773,TRSC-WyMNG.6,1500,126,C1
High (= pen+neck),773,TRSC-WyMNG.6,1500,277,D
High (= pen+neck),773,TRSC-WyMNG.6,1500,255,D
High (= pen+neck),773,TRSC-WyMNG.6,1500,227,C1
High (= pen+neck),773,TRSC-WyMNG.6,1500,37,C1
High (= pen+neck),773,TRSC-WyMNG.6,1500,63,C1
High (= pen+neck),773,TRSC-WyMNG.6,1500,717,C1
High (= pen+neck),773,TRSC-WyMNG.6,1500,614,C1
High (= pen+neck),773,TRSC-WyMNG.6,1500,839,C1
High (= pen+neck),773,TRSC-WyMNG.6,1500,354,C1
High (= pen+neck),773,TRSC-WyMNG.6,1500,400,D
High (= pen+neck),773,TRSC-WyMNG.6,1500,770,C1
High (= pen+neck),773,TRSC-WyMNG.6,1500,240,C2
High (= pen+neck),773,TRSC-WyMNG.6,1500,700,D
High (= pen+neck),773,TRSC-WyMNG.6,1500,275,C1
High (= pen+neck),773,TRSC-WyMNG.6,1500,302,D
High (= pen+neck),773,TRSC-WyMNG.6,1500,397,C1
High (= pen+neck),773,TRSC-WyMNG.6,1500,67,C1
High (= pen+neck),773,TRSC-WyMNG.6,1500,24,C1
High (= pen+neck),773,TRSC-WyMNG.6,1500,556,C1
High (= pen+neck),773,TRSC-WyMNG.6,1500,827,D
High (= pen+neck),773,TRSC-WyMNG.6,1500,564,C1
High (= pen+neck),773,TRSC-WyMNG.6,1500,1370,C2
High (= pen+neck),773,TRSC-WyMNG.6,1500,354,C1
High (= pen+neck),773,TRSC-WyMNG.6,1500,260,D
High (= pen+neck),773,TRSC-WyMNG.6,1500,421,C2
High (= pen+neck),773,TRSC-WyMNG.6,1500,570,C1
High (= pen+neck),773,TRSC-WyMNG.6,1500,60,C1
High (= pen+neck),773,TRSC-WyMNG.6,1500,177,D
High (= pen+neck),773,TRSC-WyMNG.6,1500,37,D
High (= pen+neck),773,TRSC-WyMNG.6,1500,761,C1
High (= pen+neck),773,TRSC-WyMNG.6,1500,650,C1
High (= pen+neck),773,TRSC-WyMNG.6,1500,752,C1
High (= pen+neck),773,TRSC-WyMNG.6,1500,293,C1
High (= pen+neck),773,TRSC-WyMNG.6,1500,279,D
High (= pen+neck),773,TRSC-WyMNG.6,1500,443,B
High (= pen+neck),773,TRSTI-W.Kejadian-6,1500,85,D
High (= pen+neck),773,TRSTI-W.Kejadian-6,1500,60,C1
High (= pen+neck),773,TRSTI-W.Kejadian-6,1500,163,C1
High (= pen+neck),773,TRSTI-W.Kejadian-6,1500,606,C1
High (= pen+neck),773,TRSTI-W.Kejadian-6,1500,590,C1
High (= pen+neck),773,TRSTI-W.Kejadian-6,1500,260,C2
High (= pen+neck),773,TRSTI-W.Kejadian-6,1500,37,C1
High (= pen+neck),773,TRSTI-W.Kejadian-6,1500,104,C2
High (= pen+neck),773,TRSTI-W.Kejadian-6,1500,304,C2
High (= pen+neck),773,TRSTI-W.Kejadian-6,1500,395,C2
High (= pen+neck),773,TRSTI-W.Kejadian-6,1500,840,D
High (= pen+neck),773,TRSTI-W.Kejadian-6,1500,5,D
High (= pen+neck),773,TRSTI-W.Kejadian-6,1500,116,D
High (= pen+neck),773,TRST-W.Jadian-2,1000,20,C1
High (= pen+neck),773,TRST-W.Jadian-2,1000,228,C2
High (= pen+neck),773,TRST-W.Jadian-2,1000,890,C1
High (= pen+neck),773,TRST-W.Jadian-2,1000,820,C2
High (= pen+neck),773,TRST-W.Jadian-2,1000,77,C1
High (= pen+neck),773,TRST-W.Jadian-2,1000,58,C1
High (= pen+neck),773,TRST-W.Jadian-2,1000,134,C2
High (= pen+neck),773,TRST-W.Jadian-2,1000,50,C1
High (= pen+neck),773,TRST-W.Jadian-2,1000,86,C1
High (= pen+neck),773,TRST-W.Jadian-2,1000,148,C1
High (= pen+neck),773,TRST-W.Jadian-2,1000,260,C1
High (= pen+neck),773,TRST-W.Jadian-2,1000,100,C1
High (= pen+neck),773,TRST-W.Jadian-2,1000,510,C1
High (= pen+neck),773,TRST-W.Jadian-2,1000,351,C1
High (= pen+neck),773,TRST-W.Jadian-2,1000,352,C1
High (= pen+neck),773,TRST-W.Jadian-2,1000,213,C1
High (= pen+neck),773,TRST-W.Jadian-2,1000,244,C2
High (= pen+neck),773,TRST-W.Jadian-2,1000,460,C1
High (= pen+neck),773,TRST-W.Jadian-2,1000,160,C2
High (= pen+neck),773,TRST-W.Jadian-2,1000,110,C1
High (= pen+neck),773,TRST-W.Jadian-2,1000,110,C1
High (= pen+neck),773,TRST-W.Jadian-2,1000,128,C1
High (= pen+neck),773,TRST-W.Jadian-2,1000,212,C2
High (= pen+neck),773,TRST-W.Jadian-2,1000,7,C2
High (= pen+neck),773,TRST-W.Jadian-2,1000,703,D
High (= pen+neck),773,TRST-W.Jadian-2,1000,36,C1
High (= pen+neck),773,TRST-W.Jadian-2,1000,370,C1
High (= pen+neck),773,TRST-W.Jadian-2,1000,236,C1
High (= pen+neck),773,TRST-W.Jadian-2,1000,380,C2
High (= pen+neck),773,TRST-W.Jadian-2,1000,481,C1
High (= pen+neck),773,TRST-W.Jadian-2,1000,45,C1
High (= pen+neck),773,TRST-W.Jadian-2,1000,394,C1
High (= pen+neck),773,TRST-W.Jadian-2,1000,17,D
High (= pen+neck),773,TRST-W.Jadian-2,1000,66,C1
High (= pen+neck),773,TRST-W.Jadian-2,1000,304,C2
High (= pen+neck),773,TRST-W.Jadian-2,1000,15,D
High (= pen+neck),773,TRST-W.Jadian-2,1000,182,C1
High (= pen+neck),773,TRST-W.Jadian-2,1000,8,C1
High (= pen+neck),773,TRST-W.Jadian-2,1000,382,C2
High (= pen+neck),773,TRST-W.Jadian-2,1000,774,C1
High (= pen+neck),773,TRST-W.Jadian-2,1000,301,C1
High (= pen+neck),773,TRST-W.Jadian-2,1000,120,C2
High (= pen+neck),773,TRST-W.Jadian-2,1000,90,D
High (= pen+neck),773,TRST-W.Kejadian-1,1500,37,D
High (= pen+neck),773,TRST-W.Kejadian-1,1500,21,D
High (= pen+neck),773,TRST-W.Kejadian-1,1500,457,D
High (= pen+neck),773,TRST-W.Kejadian-1,1500,570,D
High (= pen+neck),773,TRST-W.Kejadian-1,1500,741,D
High (= pen+neck),773,TRST-W.Kejadian-1,1500,58,D
High (= pen+neck),773,TRST-W.Kejadian-1,1500,127,D
High (= pen+neck),773,TRST-W.Kejadian-1,1500,420,D
High (= pen+neck),773,TRST-W.Kejadian-1,1500,365,D
High (= pen+neck),773,TRST-W.Kejadian-1,1500,589,D
High (= pen+neck),773,TRST-W.Kejadian-1,1500,171,D
High (= pen+neck),773,TRST-W.Kejadian-1,1500,213,D
High (= pen+neck),773,TRST-W.Kejadian-1,1500,60,D
High (= pen+neck),773,TRST-W.Kejadian-1,1500,240,D
High (= pen+neck),773,TRST-W.Kejadian-1,1500,67,D
High (= pen+neck),773,TRST-W.Kejadian-1,1500,342,C1
High (= pen+neck),773,TRST-W.Kejadian-1,1500,223,C1
High (= pen+neck),773,TRST-W.Kejadian-1,1500,366,C1
High (= pen+neck),773,TRST-W.Kejadian-1,1500,138,C2
High (= pen+neck),773,TRST-W.Kejadian-1,1500,154,D
High (= pen+neck),773,TRST-W.Kejadian-1,1500,430,D
High (= pen+neck),773,TRST-W.Kejadian-1,1500,11,C2
High (= pen+neck),773,TRST-W.Kejadian-1,1500,165,C2
High (= pen+neck),773,TRST-W.Kejadian-1,1500,720,C2
High (= pen+neck),773,TRST-W.Kejadian-1,1500,574,C1
High (= pen+neck),773,TRST-W.Kejadian-1,1500,790,C1
High (= pen+neck),773,TRST-W.Kejadian-1,1500,840,C1
High (= pen+neck),773,TRST-W.Kejadian-1,1500,481,D
High (= pen+neck),773,TRST-W.Kejadian-1,1500,104,D
High (= pen+neck),773,TRST-W.Kejadian-1,1500,103,D
High (= pen+neck),773,TRST-W.Kejadian-1,1500,113,C2
High (= pen+neck),773,TRST-W.Kejadian-1,1500,16,C1
High (= pen+neck),773,TRST-W.Kejadian-1,1500,4,C1
High (= pen+neck),773,TRST-W.Kejadian-1,1500,60,C1
High (= pen+neck),773,TRST-W.Kejadian-1,1500,42,C1
High (= pen+neck),773,TRST-W.Kejadian-1,1500,228,C1
High (= pen+neck),773,TRST-W.Kejadian-1,1500,28,C1
High (= pen+neck),773,TRST-W.Kejadian-1,1500,142,C1
High (= pen+neck),773,TRST-W.Kejadian-1,1500,0,C1
High (= pen+neck),773,TRST-W.Kejadian-1,1500,110,C2
High (= pen+neck),773,TRST-W.Kejadian-1,1500,118,C2
High (= pen+neck),773,TRST-W.Kejadian-1,1500,16,C1
High (= pen+neck),773,TRST-W.Kejadian-1,1500,230,C1
High (= pen+neck),773,TRST-W.Kejadian-1,1500,96,C2
High (= pen+neck),773,TRST-W.Kejadian-1,1500,55,C1
High (= pen+neck),773,TRST-W.Kejadian-1,1500,750,C1
High (= pen+neck),773,TRST-W.Kejadian-1,1500,222,C1
High (= pen+neck),773,TRST-W.Kejadian-1,1500,10,D
High (= pen+neck),773,TRST-W.Kejadian-1,1500,92,C1
High (= pen+neck),773,TRST-W.Kejadian-1,1500,150,C2
High (= pen+neck),773,TRST-W.Kejadian-1,1500,223,D
High (= pen+neck),773,TRST-W.Kejadian-1,1500,173,C2
High (= pen+neck),773,TRST-W.Kejadian-1,1500,131,C1
High (= pen+neck),773,TRST-W.Kejadian-1,1500,746,C1
High (= pen+neck),773,TRST-W.Kejadian-3,1500,210,C2
High (= pen+neck),773,TRST-W.Kejadian-3,1500,45,C2
High (= pen+neck),773,TRST-W.Kejadian-3,1500,328,C2
High (= pen+neck),773,TRST-W.Kejadian-3,1500,101,C2
High (= pen+neck),773,TRST-W.Kejadian-3,1500,433,C1
High (= pen+neck),773,TRST-W.Kejadian-3,1500,86,D
High (= pen+neck),773,TRST-W.Kejadian-3,1500,85,D
High (= pen+neck),773,TRST-W.Kejadian-3,1500,30,C1
High (= pen+neck),773,TRST-W.Kejadian-3,1500,41,D
High (= pen+neck),773,TRST-W.Kejadian-3,1500,292,D
High (= pen+neck),773,TRST-W.Kejadian-3,1500,465,D
High (= pen+neck),773,TRST-W.Kejadian-3,1500,346,C1
High (= pen+neck),773,TRST-W.Kejadian-3,1500,32,D
High (= pen+neck),773,TRST-W.Kejadian-3,1500,690,C1
High (= pen+neck),773,TRST-W.Kejadian-3,1500,203,D
High (= pen+neck),773,TRST-W.Kejadian-3,1500,269,C2
High (= pen+neck),773,TRST-W.Kejadian-3,1500,386,C1
High (= pen+neck),773,TRST-W.Kejadian-3,1500,364,D
High (= pen+neck),773,TRST-W.Kejadian-3,1500,165,D
High (= pen+neck),773,TRST-W.Kejadian-3,1500,112,D
High (= pen+neck),773,TRST-W.Kejadian-3,1500,97,D
High (= pen+neck),773,TRST-W.Kejadian-3,1500,780,C2
High (= pen+neck),773,TRST-W.Kejadian-3,1500,35,D
High (= pen+neck),773,TRST-W.Kejadian-3,1500,430,C1
High (= pen+neck),773,TRST-W.Kejadian-3,1500,94,D
High (= pen+neck),773,TRST-W.Kejadian-3,1500,203,D
High (= pen+neck),773,TRST-W.Kejadian-3,1500,34,D
High (= pen+neck),773,TRST-W.Kejadian-3,1500,190,D
High (= pen+neck),773,TRST-W.Kejadian-3,1500,118,D
High (= pen+neck),773,TRST-W.Kejadian-3,1500,254,D
High (= pen+neck),773,TRST-W.Kejadian-3,1500,131,D
High (= pen+neck),773,TRST-W.Kejadian-3,1500,180,D
High (= pen+neck),773,TRST-W.Kejadian-3,1500,110,D
High (= pen+neck),773,TRST-W.Kejadian-3,1500,99,D
High (= pen+neck),773,TRST-W.Kejadian-3,1500,275,C1
High (= pen+neck),773,TRST-W.Kejadian-3,1500,380,C1
High (= pen+neck),773,TRST-W.Kejadian-3,1500,222,C1
High (= pen+neck),773,TRST-W.Kejadian-3,1500,117,C1
High (= pen+neck),773,TRST-W.Kejadian-3,1500,34,D
High (= pen+neck),773,TRST-W.Kejadian-3,1500,19,C1
High (= pen+neck),773,TRST-W.Kejadian-3,1500,270,C1
High (= pen+neck),773,TRST-W.Kejadian-3,1500,294,C2
High (= pen+neck),773,TRST-W.Kejadian-3,1500,340,C1
High (= pen+neck),773,TRST-W.Kejadian-3,1500,187,C1
High (= pen+neck),773,TRST-W.Kejadian-3,1500,234,C1
High (= pen+neck),773,TRST-W.Kejadian-3,1500,31,C1
High (= pen+neck),773,TRST-W.Kejadian-3,1500,134,C1
High (= pen+neck),773,TRST-W.Kejadian-3,1500,10,C2
High (= pen+neck),773,TRST-W.Kejadian-3,1500,65,D
High (= pen+neck),773,TRST-W.Kejadian-3,1500,62,C2
High (= pen+neck),773,TRST-W.Kejadian-3,1500,72,C2
High (= pen+neck),773,TRST-W.Kejadian-3,1500,150,C1
High (= pen+neck),773,TRST-W.Kejadian-3,1500,0,C2
High (= pen+neck),773,TRST-W.Kejadian-3,1500,17,D
High (= pen+neck),773,TRST-W.Kejadian-4,1500,126,C1
High (= pen+neck),773,TRST-W.Kejadian-4,1500,596,C1
High (= pen+neck),773,TRST-W.Kejadian-4,1500,643,C1
High (= pen+neck),773,TRST-W.Kejadian-4,1500,494,C1
High (= pen+neck),773,TRST-W.Kejadian-4,1500,267,C1
High (= pen+neck),773,TRST-W.Kejadian-4,1500,640,C1
High (= pen+neck),773,TRST-W.Kejadian-4,1500,713,C1
High (= pen+neck),773,TRST-W.Kejadian-4,1500,20,C1
High (= pen+neck),773,TRST-W.Kejadian-4,1500,115,C1
High (= pen+neck),773,TRST-W.Kejadian-4,1500,800,C1
High (= pen+neck),773,TRST-W.Kejadian-4,1500,306,C1
High (= pen+neck),773,TRST-W.Kejadian-4,1500,977,C1
High (= pen+neck),773,TRST-W.Kejadian-4,1500,900,C1
High (= pen+neck),773,TRST-W.Kejadian-4,1500,820,C1
High (= pen+neck),773,TRST-W.Kejadian-4,1500,675,C1
High (= pen+neck),773,TRST-W.Kejadian-4,1500,112,C2
High (= pen+neck),773,TRST-W.Kejadian-4,1500,360,C2
High (= pen+neck),773,TRST-W.Kejadian-4,1500,174,D
High (= pen+neck),773,TRST-W.Kejadian-4,1500,175,D
High (= pen+neck),773,TRST-W.Kejadian-4,1500,182,D
High (= pen+neck),773,TRST-W.Kejadian-4,1500,625,C1
High (= pen+neck),773,TRST-W.Kejadian-4,1500,44,D
High (= pen+neck),773,TRST-W.Kejadian-4,1500,129,D
High (= pen+neck),773,TRST-W.Kejadian-4,1500,87,C2
High (= pen+neck),773,TRST-W.Kejadian-4,1500,21,C1
High (= pen+neck),773,TRST-W.Kejadian-4,1500,188,C2
High (= pen+neck),773,TRST-W.Kejadian-4,1500,209,C1
High (= pen+neck),773,TRST-W.Kejadian-4,1500,120,D
High (= pen+neck),773,TRST-W.Kejadian-4,1500,55,C2
High (= pen+neck),773,TRST-W.Kejadian-4,1500,967,C1
High (= pen+neck),773,TRST-W.Kejadian-4,1500,556,C2
High (= pen+neck),773,TRST-W.Kejadian-4,1500,229,C2
High (= pen+neck),773,TRST-W.Kejadian-4,1500,133,D
High (= pen+neck),773,TRST-W.Kejadian-4,1500,0,C2
High (= pen+neck),773,TRST-W.Kejadian-4,1500,20,C2
High (= pen+neck),773,TRST-W.Kejadian-4,1500,135,C2
High (= pen+neck),773,TRST-W.Kejadian-4,1500,86,C1
High (= pen+neck),773,TRST-W.Kejadian-4,1500,625,C1
High (= pen+neck),773,TRST-W.Kejadian-4,1500,43,D
High (= pen+neck),773,TRST-W.Kejadian-4,1500,140,C2
High (= pen+neck),773,TRST-W.Kejadian-4,1500,330,C2
High (= pen+neck),773,TRST-W.Kejadian-4,1500,524,C1
High (= pen+neck),773,TRST-W.kejadian-5,1500,420,C1
High (= pen+neck),773,TRST-W.kejadian-5,1500,0,D
High (= pen+neck),773,TRST-W.kejadian-5,1500,190,D
High (= pen+neck),773,TRST-W.kejadian-5,1500,239,C2
High (= pen+neck),773,TRST-W.kejadian-5,1500,230,D
High (= pen+neck),773,TRST-W.kejadian-5,1500,520,D
High (= pen+neck),773,TRST-W.kejadian-5,1500,720,C2
High (= pen+neck),773,TRST-W.kejadian-5,1500,46,D
High (= pen+neck),773,TRST-W.kejadian-5,1500,500,D
High (= pen+neck),773,TRST-W.kejadian-5,1500,530,D
High (= pen+neck),773,TRST-W.kejadian-5,1500,95,D
High (= pen+neck),773,TRST-W.kejadian-5,1500,321,D
High (= pen+neck),773,TRST-W.kejadian-5,1500,87,D
High (= pen+neck),773,TRST-W.kejadian-5,1500,262,D
High (= pen+neck),773,TRST-W.kejadian-5,1500,15,D
High (= pen+neck),773,TRST-W.kejadian-5,1500,148,D
High (= pen+neck),773,TRST-W.kejadian-5,1500,48,C1
High (= pen+neck),773,TRST-W.kejadian-5,1500,44,D
High (= pen+neck),773,TRST-W.kejadian-5,1500,63,D
High (= pen+neck),773,TRST-W.kejadian-5,1500,30,D
High (= pen+neck),773,TRST-W.kejadian-5,1500,244,D
High (= pen+neck),773,TRST-W.kejadian-5,1500,33,D
High (= pen+neck),773,TRST-W.kejadian-5,1500,149,D
High (= pen+neck),773,TRST-W.kejadian-5,1500,264,C1
High (= pen+neck),773,TRST-W.kejadian-5,1500,521,C1
High (= pen+neck),773,TRST-W.kejadian-5,1500,208,D
High (= pen+neck),773,TRST-W.kejadian-5,1500,110,D
High (= pen+neck),773,TRST-W.kejadian-5,1500,68,D
High (= pen+neck),773,TRST-W.kejadian-5,1500,41,D
High (= pen+neck),773,TRST-W.kejadian-5,1500,417,C1
High (= pen+neck),773,TRST-W.kejadian-5,1500,70,C1
High (= pen+neck),773,TRST-W.kejadian-5,1500,130,C1
High (= pen+neck),773,TRST-W.kejadian-5,1500,576,C1
High (= pen+neck),773,TRST-W.kejadian-5,1500,572,C1
High (= pen+neck),773,TRST-W.kejadian-5,1500,936,C1
High (= pen+neck),773,TRST-W.kejadian-5,1500,960,C1
High (= pen+neck),773,TRST-W.kejadian-5,1500,166,C1
High (= pen+neck),773,TRST-W.kejadian-5,1500,9,C1
High (= pen+neck),773,TRST-W.kejadian-5,1500,572,C2
High (= pen+neck),773,TRST-W.kejadian-5,1500,328,C1
High (= pen+neck),773,TRST-W.kejadian-5,1500,324,C1
High (= pen+neck),773,TRST-W.kejadian-5,1500,116,C1
High (= pen+neck),773,TRST-W.kejadian-5,1500,350,C1
High (= pen+neck),773,TRST-W.kejadian-5,1500,889,C1
High (= pen+neck),773,TRST-W.kejadian-5,1500,970,C1
High (= pen+neck),773,TRST-W.kejadian-5,1500,510,C1
High (= pen+neck),773,TRST-W.kejadian-5,1500,560,D
High (= pen+neck),773,TRST-W.kejadian-5,1500,88,D
High (= pen+neck),773,TRST-W.kejadian-5,1500,370,D
High (= pen+neck),773,TRST-W.kejadian-5,1500,500,D
High (= pen+neck),773,TRST-W.kejadian-5,1500,733,C1
High (= pen+neck),773,TRST-W.kejadian-5,1500,470,D
High (= pen+neck),773,TRST-W.kejadian-5,1500,130,D
High (= pen+neck),773,TRST-W.kejadian-5,1500,181,D
High (= pen+neck),773,TRST-W.kejadian-5,1500,230,D
High (= pen+neck),773,TRST-W.kejadian-5,1500,48,C1
High (= pen+neck),773,TRST-W.kejadian-5,1500,347,D
High (= pen+neck),773,TRST-W.kejadian-5,1500,106,D
High (= pen+neck),773,TRST-W.kejadian-5,1500,284,D
High (= pen+neck),773,TRST-W.kejadian-5,1500,440,D
High (= pen+neck),773,TRST-W.kejadian-5,1500,90,D
High (= pen+neck),773,TRST-W.kejadian-5,1500,194,D
High (= pen+neck),773,TRST-W.kejadian-5,1500,207,C1
High (= pen+neck),773,TRST-W.kejadian-5,1500,196,D
High (= pen+neck),773,TRST-W.kejadian-5,1500,101,C1
High (= pen+neck),773,TRST-W.kejadian-5,1500,1020,C1
High (= pen+neck),773,TRST-W.kejadian-5,1500,489,D
High (= pen+neck),773,TRST-W.kejadian-5,1500,240,C1
High (= pen+neck),773,TRST-W.kejadian-5,1500,375,D
High (= pen+neck),773,TRST-W.kejadian-5,1500,784,C1
High (= pen+neck),773,TRST-W.kejadian-5,1500,960,C2
High (= pen+neck),773,TRST-W.kejadian-5,1500,1350,C1
High (= pen+neck),773,TRST-W.kejadian-5,1500,427,C1
High (= pen+neck),773,TRST-W.kejadian-5,1500,840,C1
High (= pen+neck),773,TRST-W.kejadian-5,1500,455,C1
High (= pen+neck),773,TRST-W.kejadian-5,1500,52,C1
High (= pen+neck),773,TRST-W.kejadian-5,1500,94,C2
High (= pen+neck),773,TRST-W.kejadian-5,1500,182,C1
High (= pen+neck),773,TRST-W.kejadian-5,1500,515,C1
Low (= middle+north),1938,TRSC-SKlbt.1,1500,110,D
Low (= middle+north),1938,TRSC-SKlbt.2,1500,497,C2
Low (= middle+north),1938,TRSC-SKlbt.2,1500,174,D
Low (= middle+north),1938,TRSC-SKlbt.2,1500,643,D
Low (= middle+north),1938,TRSC-SKlbt.2,1500,386,D
Low (= middle+north),1938,TRSC-SKlbt.2,1500,127,D
Low (= middle+north),1938,TRSC-SKlbt.2,1500,100,D
Low (= middle+north),1938,TRSC-SKlbt.2,1500,390,D
Low (= middle+north),1938,TRSC-SKlbt.2,1500,277,D
Low (= middle+north),1938,TRSC-SKlbt.2,1500,135,D
Low (= middle+north),1938,TRSC-SKlbt.3,1500,124,D
Low (= middle+north),1938,TRSC-SKlbt.3,1500,213,D
Low (= middle+north),1938,TRSC-SKlbt.3,1500,31,D
Low (= middle+north),1938,TRSC-SKlbt.3,1500,24,D
Low (= middle+north),1938,TRSC-SKlbt.3,1500,548,D
Low (= middle+north),1938,TRSC-SKlbt.3,1500,140,D
Low (= middle+north),1938,TRSC-SKlbt.3,1500,76,D
Low (= middle+north),1938,TRSC-Wbam.1,1500,,
Low (= middle+north),1938,TRSC-Wbam.2,1500,267,C1
Low (= middle+north),1938,TRSC-Wbam.2,1500,1086,C2
Low (= middle+north),1938,TRSC-Wbam.2,1500,1116,C2
Low (= middle+north),1938,TRSC-Wbam.2,1500,23,D
Low (= middle+north),1938,TRSC-Wbam.3,1500,,
Low (= middle+north),1938,TRSC-Wbam.4,1000,,
Low (= middle+north),1938,TRSC-Wbam.5,1000,,
Low (= middle+north),1938,TRSC-LNAU.1,1500,,
Low (= middle+north),1938,TRSC-LNAU.2,1500,95,D
Low (= middle+north),1938,TRSC-LNAU.2,1500,96,C2
Low (= middle+north),1938,TRSC-LNAU.2,1500,221,C2
Low (= middle+north),1938,TRSC-LNAU.3,1000,235,D
Low (= middle+north),1938,TRSC-LNAU.3,1000,454,D
Low (= middle+north),1938,TRSC-LNAU.3,1000,303,D
Low (= middle+north),1938,TRSC-LNAU.3,1000,471,D
Low (= middle+north),1938,TRSC-LNAU.3,1000,68,D
Low (= middle+north),1938,TRSC-LNAU.3,1000,380,D
Low (= middle+north),1938,TRSC-LNAU.4,1000,,
Low (= middle+north),1938,TRST-TJI-1,1000,,
Low (= middle+north),1938,TRST-TJI-2,1500,,
Low (= middle+north),1938,TRST-TJI-3,1500,,
Low (= middle+north),1938,TRST-TJI-4,1000,,
Low (= middle+north),1938,TRST-TJI-5,1100,,
Low (= middle+north),1938,TRST-TJI-6,1100,,
