Study area,Region,Area,Point transect,Distance,Observer,MAS,HAS
Kana,Jul-92,0,1,40,TJS,50,1
Kana,Jul-92,0,1,60,TJS,50,1
Kana,Jul-92,0,1,45,TJS,50,1
Kana,Jul-92,0,1,100,TJS,50,1
Kana,Jul-92,0,1,125,TJS,50,1
Kana,Jul-92,0,1,120,TJS,50,1
Kana,Jul-92,0,1,140,TJS,50,1
Kana,Jul-92,0,1,80,TJS,50,1
Kana,Jul-92,0,2,65,TJS,64,1
Kana,Jul-92,0,2,90,TJS,64,1
Kana,Jul-92,0,2,120,TJS,64,1
Kana,Jul-92,0,2,85,TJS,64,1
Kana,Jul-92,0,2,150,TJS,64,1
Kana,Jul-92,0,3,180,TJS,77,1
Kana,Jul-92,0,3,220,TJS,77,1
Kana,Jul-92,0,3,105,TJS,77,1
Kana,Jul-92,0,3,90,TJS,77,1
Kana,Jul-92,0,3,90,TJS,77,1
Kana,Jul-92,0,4,65,TJS,92,2
Kana,Jul-92,0,4,35,TJS,92,2
Kana,Jul-92,0,4,60,TJS,92,2
Kana,Jul-92,0,5,60,TJS,113,2
Kana,Jul-92,0,5,115,TJS,113,2
Kana,Jul-92,0,5,85,TJS,113,2
Kana,Jul-92,0,5,30,TJS,113,2
Kana,Jul-92,0,5,80,TJS,113,2
Kana,Jul-92,0,6,85,TJS,127,2
Kana,Jul-92,0,6,60,TJS,127,2
Kana,Jul-92,0,6,30,TJS,127,2
Kana,Jul-92,0,6,80,TJS,127,2
Kana,Jul-92,0,6,80,TJS,127,2
Kana,Jul-92,0,6,65,TJS,127,2
Kana,Jul-92,0,6,250,TJS,127,2
Kana,Jul-92,0,7,110,TJS,140,2
Kana,Jul-92,0,7,80,TJS,140,2
Kana,Jul-92,0,7,90,TJS,140,2
Kana,Jul-92,0,7,45,TJS,140,2
Kana,Jul-92,0,7,85,TJS,140,2
Kana,Jul-92,0,7,85,TJS,140,2
Kana,Jul-92,0,8,85,TJS,152,3
Kana,Jul-92,0,8,95,TJS,152,3
Kana,Jul-92,0,8,75,TJS,152,3
Kana,Jul-92,0,8,75,TJS,152,3
Kana,Jul-92,0,8,60,TJS,152,3
Kana,Jul-92,0,8,53,TJS,152,3
Kana,Jul-92,0,8,180,TJS,152,3
Kana,Jul-92,0,9,110,TJS,164,3
Kana,Jul-92,0,9,65,TJS,164,3
Kana,Jul-92,0,9,95,TJS,164,3
Kana,Jul-92,0,9,75,TJS,164,3
Kana,Jul-92,0,9,80,TJS,164,3
Kana,Jul-92,0,9,45,TJS,164,3
Kana,Jul-92,0,10,55,TJS,177,3
Kana,Jul-92,0,10,45,TJS,177,3
Kana,Jul-92,0,10,125,TJS,177,3
Kana,Jul-92,0,10,35,TJS,177,3
Kana,Jul-92,0,11,80,TJS,189,3
Kana,Jul-92,0,11,105,TJS,189,3
Kana,Jul-92,0,11,75,TJS,189,3
Kana,Jul-92,0,11,90,TJS,189,3
Kana,Jul-92,0,12,65,TJS,202,3
Kana,Jul-92,0,12,55,TJS,202,3
Kana,Jul-92,0,12,40,TJS,202,3
Kana,Jul-92,0,12,60,TJS,202,3
Kana,Jul-92,0,12,80,TJS,202,3
Kana,Jul-92,0,13,18,SGF,42,1
Kana,Jul-92,0,13,40,SGF,42,1
Kana,Jul-92,0,13,70,SGF,42,1
Kana,Jul-92,0,13,15,SGF,42,1
Kana,Jul-92,0,13,10,SGF,42,1
Kana,Jul-92,0,14,32,SGF,58,1
Kana,Jul-92,0,14,33,SGF,58,1
Kana,Jul-92,0,15,25,SGF,70,1
Kana,Jul-92,0,15,50,SGF,70,1
Kana,Jul-92,0,15,40,SGF,70,1
Kana,Jul-92,0,15,70,SGF,70,1
Kana,Jul-92,0,16,14,SGF,83,1
Kana,Jul-92,0,16,15,SGF,83,1
Kana,Jul-92,0,16,40,SGF,83,1
Kana,Jul-92,0,17,30,SGF,107,2
Kana,Jul-92,0,17,10,SGF,107,2
Kana,Jul-92,0,17,40,SGF,107,2
Kana,Jul-92,0,18,30,SGF,119,2
Kana,Jul-92,0,18,35,SGF,119,2
Kana,Jul-92,0,18,40,SGF,119,2
Kana,Jul-92,0,18,80,SGF,119,2
Kana,Jul-92,0,18,4,SGF,119,2
Kana,Jul-92,0,19,50,SGF,132,2
Kana,Jul-92,0,19,15,SGF,132,2
Kana,Jul-92,0,19,25,SGF,132,2
Kana,Jul-92,0,19,35,SGF,132,2
Kana,Jul-92,0,19,55,SGF,132,2
Kana,Jul-92,0,20,15,SGF,145,2
Kana,Jul-92,0,20,25,SGF,145,2
Kana,Jul-92,0,20,40,SGF,145,2
Kana,Jul-92,0,21,35,SGF,156,3
Kana,Jul-92,0,21,40,SGF,156,3
Kana,Jul-92,0,21,12,SGF,156,3
Kana,Jul-92,0,22,22,SGF,174,3
Kana,Jul-92,0,22,25,SGF,174,3
Kana,Jul-92,0,22,20,SGF,174,3
Kana,Jul-92,0,23,70,SGF,188,3
Kana,Jul-92,0,23,60,SGF,188,3
Kana,Jul-92,0,23,60,SGF,188,3
Kana,Jul-92,0,23,50,SGF,188,3
Kana,Jul-92,0,24,30,SGF,199,3
Kana,Jul-92,0,24,35,SGF,199,3
Kana,Jul-92,0,24,30,SGF,199,3
Kana,Jul-92,0,24,25,SGF,199,3
Kana,Jul-92,0,24,9,SGF,199,3
Kana,Jul-92,0,25,50,TKP,66,1
Kana,Jul-92,0,25,100,TKP,66,1
Kana,Jul-92,0,25,70,TKP,66,1
Kana,Jul-92,0,25,40,TKP,66,1
Kana,Jul-92,0,25,17,TKP,66,1
Kana,Jul-92,0,26,40,TKP,78,1
Kana,Jul-92,0,26,50,TKP,78,1
Kana,Jul-92,0,26,20,TKP,78,1
Kana,Jul-92,0,26,100,TKP,78,1
Kana,Jul-92,0,26,150,TKP,78,1
Kana,Jul-92,0,27,40,TKP,91,2
Kana,Jul-92,0,27,50,TKP,91,2
Kana,Jul-92,0,27,70,TKP,91,2
Kana,Jul-92,0,27,15,TKP,91,2
Kana,Jul-92,0,27,17,TKP,91,2
Kana,Jul-92,0,28,8,TKP,105,2
Kana,Jul-92,0,28,10,TKP,105,2
Kana,Jul-92,0,28,70,TKP,105,2
Kana,Jul-92,0,29,20,TKP,116,2
Kana,Jul-92,0,29,11,TKP,116,2
Kana,Jul-92,0,29,50,TKP,116,2
Kana,Jul-92,0,30,50,TKP,126,2
Kana,Jul-92,0,30,60,TKP,126,2
Kana,Jul-92,0,30,20,TKP,126,2
Kana,Jul-92,0,31,40,TKP,140,2
Kana,Jul-92,0,31,50,TKP,140,2
Kana,Jul-92,0,31,20,TKP,140,2
Kana,Jul-92,0,31,70,TKP,140,2
Kana,Jul-92,0,32,25,TKP,150,2
Kana,Jul-92,0,32,30,TKP,150,2
Kana,Jul-92,0,32,50,TKP,150,2
Kana,Jul-92,0,32,25,TKP,150,2
Kana,Jul-92,0,32,70,TKP,150,2
Kana,Jul-92,0,33,130,TKP,160,3
Kana,Jul-92,0,33,40,TKP,160,3
Kana,Jul-92,0,33,60,TKP,160,3
Kana,Jul-92,0,33,40,TKP,160,3
Kana,Jul-92,0,34,10,TKP,171,3
Kana,Jul-92,0,34,27,TKP,171,3
Kana,Jul-92,0,34,27,TKP,171,3
Kana,Jul-92,0,34,3,TKP,171,3
Kana,Jul-92,0,34,25,TKP,171,3
Kana,Jul-92,0,34,20,TKP,171,3
Kana,Jul-92,0,35,12,TKP,190,3
Kana,Jul-92,0,35,13,TKP,190,3
Kana,Jul-92,0,35,25,TKP,190,3
Kana,Jul-92,0,35,60,TKP,190,3
Kana,Jul-92,0,36,90,TKP,266,4
Kana,Jul-92,0,36,10,TKP,266,4
Kana,Jul-92,0,36,25,TKP,266,4
Kana,Jul-92,0,37,90,TKP,253,4
Kana,Jul-92,0,37,60,TKP,253,4
Kana,Jul-92,0,37,70,TKP,253,4
Kana,Jul-92,0,37,35,TKP,253,4
Kana,Jul-92,0,37,25,TKP,253,4
Kana,Jul-92,0,37,15,TKP,253,4
Kana,Jul-92,0,38,40,TKP,242,4
Kana,Jul-92,0,38,50,TKP,242,4
Kana,Jul-92,0,38,5,TKP,242,4
Kana,Jul-92,0,39,30,TKP,228,4
Kana,Jul-92,0,39,40,TKP,228,4
Kana,Jul-92,0,39,30,TKP,228,4
Kana,Jul-92,0,39,35,TKP,228,4
Kana,Jul-92,0,40,25,TKP,216,4
Kana,Jul-92,0,40,100,TKP,216,4
Kana,Jul-92,0,40,25,TKP,216,4
Kana,Jul-92,0,40,15,TKP,216,4
Kana,Jul-92,0,40,100,TKP,216,4
Kana,Jul-92,0,41,30,TKP,205,3
Kana,Jul-92,0,41,35,TKP,205,3
Kana,Jul-92,0,41,40,TKP,205,3
Kana,Jul-92,0,41,70,TKP,205,3
Kana,Jul-92,0,41,30,TKP,205,3
Kana,Dec-92,0,1,35,SGF,136,2
Kana,Dec-92,0,2,50,SGF,147,2
Kana,Dec-92,0,3,,,,
Kana,Dec-92,0,4,30,SGF,169,3
Kana,Dec-92,0,4,30,SGF,169,3
Kana,Dec-92,0,4,15,SGF,169,3
Kana,Dec-92,0,5,75,SGF,181,3
Kana,Dec-92,0,6,70,SGF,192,3
Kana,Dec-92,0,6,75,SGF,192,3
Kana,Dec-92,0,7,70,SGF,202,3
Kana,Dec-92,0,7,80,SGF,202,3
Kana,Dec-92,0,7,80,SGF,202,3
Kana,Dec-92,0,7,65,SGF,202,3
Kana,Dec-92,0,7,50,SGF,202,3
Kana,Dec-92,0,7,35,SGF,202,3
Kana,Dec-92,0,8,28,SGF,214,4
Kana,Dec-92,0,8,27,SGF,214,4
Kana,Dec-92,0,8,100,SGF,214,4
Kana,Dec-92,0,9,22,SGF,223,4
Kana,Dec-92,0,9,28,SGF,223,4
Kana,Dec-92,0,9,80,SGF,223,4
Kana,Dec-92,0,9,85,SGF,223,4
Kana,Dec-92,0,9,90,SGF,223,4
Kana,Dec-92,0,10,30,SGF,234,4
Kana,Dec-92,0,10,30,SGF,234,4
Kana,Dec-92,0,10,4,SGF,234,4
Kana,Dec-92,0,10,12,SGF,234,4
Kana,Dec-92,0,10,9,SGF,234,4
Kana,Dec-92,0,10,30,SGF,234,4
Kana,Dec-92,0,11,,,,
Kana,Dec-92,0,13,28,SGF,122,2
Kana,Dec-92,0,13,30,SGF,122,2
Kana,Dec-92,0,13,50,SGF,122,2
Kana,Dec-92,0,14,90,SGF,111,2
Kana,Dec-92,0,14,85,SGF,111,2
Kana,Dec-92,0,14,50,SGF,111,2
Kana,Dec-92,0,14,35,SGF,111,2
Kana,Dec-92,0,14,32,SGF,111,2
Kana,Dec-92,0,14,30,SGF,111,2
Kana,Dec-92,0,15,110,SGF,98,2
Kana,Dec-92,0,15,75,SGF,98,2
Kana,Dec-92,0,15,95,SGF,98,2
Kana,Dec-92,0,15,85,SGF,98,2
Kana,Dec-92,0,16,50,SGF,87,1
Kana,Dec-92,0,16,45,SGF,87,1
Kana,Dec-92,0,17,77,SGF,71,1
Kana,Dec-92,0,17,75,SGF,71,1
Kana,Dec-92,0,17,65,SGF,71,1
Kana,Dec-92,0,18,18,SGF,58,1
Kana,Dec-92,0,18,75,SGF,58,1
Kana,Dec-92,0,18,65,SGF,58,1
Kana,Dec-92,0,19,55,SGF,44,1
Kana,Dec-92,0,19,45,SGF,44,1
Kana,Dec-92,0,19,35,SGF,44,1
Kana,Dec-92,0,20,55,SGF,33,1
Kana,Dec-92,0,20,90,SGF,33,1
Kana,Dec-92,0,21,65,SGF,23,0
Kana,Dec-92,0,21,22,SGF,23,0
Kana,Dec-92,0,22,70,SGF,13,0
Kana,Dec-92,0,22,110,SGF,13,0
Kana,Dec-92,0,22,85,SGF,13,0
Kana,Dec-92,0,23,80,SGF,2,0
Kana,Dec-92,0,23,85,SGF,2,0
Kana,Dec-92,0,23,90,SGF,2,0
Kana,Dec-92,0,23,35,SGF,2,0
Kana,Dec-92,0,24,60,SGF,-11,0
Kana,Dec-92,0,24,65,SGF,-11,0
Kana,Dec-92,0,24,55,SGF,-11,0
Kana,Dec-92,0,24,15,SGF,-11,0
Kana,Dec-92,0,25,12,TJS,81,1
Kana,Dec-92,0,25,12,TJS,81,1
Kana,Dec-92,0,25,38,TJS,81,1
Kana,Dec-92,0,25,80,TJS,81,1
Kana,Dec-92,0,25,42,TJS,81,1
Kana,Dec-92,0,25,28,TJS,81,1
Kana,Dec-92,0,26,42,TJS,93,2
Kana,Dec-92,0,26,12,TJS,93,2
Kana,Dec-92,0,26,9,TJS,93,2
Kana,Dec-92,0,26,36,TJS,93,2
Kana,Dec-92,0,26,48,TJS,93,2
Kana,Dec-92,0,26,90,TJS,93,2
Kana,Dec-92,0,26,70,TJS,93,2
Kana,Dec-92,0,27,43,TJS,107,2
Kana,Dec-92,0,27,88,TJS,107,2
Kana,Dec-92,0,27,32,TJS,107,2
Kana,Dec-92,0,27,48,TJS,107,2
Kana,Dec-92,0,27,64,TJS,107,2
Kana,Dec-92,0,27,19,TJS,107,2
Kana,Dec-92,0,27,21,TJS,107,2
Kana,Dec-92,0,28,32,TJS,118,2
Kana,Dec-92,0,28,26,TJS,118,2
Kana,Dec-92,0,28,75,TJS,118,2
Kana,Dec-92,0,28,65,TJS,118,2
Kana,Dec-92,0,28,18,TJS,118,2
Kana,Dec-92,0,28,12,TJS,118,2
Kana,Dec-92,0,29,29,TJS,129,2
Kana,Dec-92,0,29,37,TJS,129,2
Kana,Dec-92,0,29,22,TJS,129,2
Kana,Dec-92,0,30,56,TJS,141,2
Kana,Dec-92,0,30,43,TJS,141,2
Kana,Dec-92,0,30,65,TJS,141,2
Kana,Dec-92,0,30,32,TJS,141,2
Kana,Dec-92,0,30,16,TJS,141,2
Kana,Dec-92,0,31,56,TJS,156,3
Kana,Dec-92,0,31,42,TJS,156,3
Kana,Dec-92,0,31,21,TJS,156,3
Kana,Dec-92,0,31,23,TJS,156,3
Kana,Dec-92,0,31,32,TJS,156,3
Kana,Dec-92,0,32,38,TJS,167,3
Kana,Dec-92,0,32,72,TJS,167,3
Kana,Dec-92,0,32,64,TJS,167,3
Kana,Dec-92,0,32,52,TJS,167,3
Kana,Dec-92,0,32,28,TJS,167,3
Kana,Dec-92,0,32,7,TJS,167,3
Kana,Dec-92,0,32,5,TJS,167,3
Kana,Dec-92,0,33,85,TJS,178,3
Kana,Dec-92,0,33,48,TJS,178,3
Kana,Dec-92,0,33,36,TJS,178,3
Kana,Dec-92,0,33,62,TJS,178,3
Kana,Dec-92,0,33,42,TJS,178,3
Kana,Dec-92,0,34,21,TJS,188,3
Kana,Dec-92,0,34,19,TJS,188,3
Kana,Dec-92,0,34,85,TJS,188,3
Kana,Dec-92,0,34,8,TJS,188,3
Kana,Dec-92,0,34,22,TJS,188,3
Kana,Dec-92,0,34,43,TJS,188,3
Kana,Dec-92,0,35,26,TJS,199,3
Kana,Dec-92,0,35,38,TJS,199,3
Kana,Dec-92,0,35,46,TJS,199,3
Kana,Dec-92,0,35,48,TJS,199,3
Kana,Dec-92,0,35,25,TJS,199,3
Kana,Dec-92,0,35,1,TJS,199,3
Kana,Dec-92,0,36,26,TJS,47,1
Kana,Dec-92,0,36,38,TJS,47,1
Kana,Dec-92,0,36,22,TJS,47,1
Kana,Dec-92,0,37,1,TJS,36,1
Kana,Dec-92,0,37,16,TJS,36,1
Kana,Dec-92,0,37,36,TJS,36,1
Kana,Dec-92,0,37,22,TJS,36,1
Kana,Dec-92,0,37,18,TJS,36,1
Kana,Dec-92,0,37,1,TJS,36,1
Kana,Dec-92,0,38,12,TJS,22,0
Kana,Dec-92,0,38,10,TJS,22,0
Kana,Dec-92,0,38,65,TJS,22,0
Kana,Dec-92,0,38,18,TJS,22,0
Kana,Dec-92,0,39,9,TJS,10,0
Kana,Dec-92,0,39,32,TJS,10,0
Kana,Dec-92,0,39,28,TJS,10,0
Kana,Dec-92,0,39,22,TJS,10,0
Kana,Dec-92,0,39,62,TJS,10,0
Kana,Dec-92,0,39,26,TJS,10,0
Kana,Dec-92,0,40,100,TJS,0,0
Kana,Dec-92,0,40,45,TJS,0,0
Kana,Dec-92,0,40,70,TJS,0,0
Kana,Dec-92,0,40,75,TJS,0,0
Kana,Dec-92,0,40,38,TJS,0,0
Kana,Dec-92,0,41,35,TJS,-18,0
Kana,Dec-92,0,41,38,TJS,-18,0
Kana,Dec-92,0,41,41,TJS,-18,0
Kana,Dec-92,0,41,45,TJS,-18,0
Kana,Apr-93,0,1,18,TJS,28,0
Kana,Apr-93,0,1,45,TJS,28,0
Kana,Apr-93,0,1,95,TJS,28,0
Kana,Apr-93,0,1,105,TJS,28,0
Kana,Apr-93,0,1,35,TJS,28,0
Kana,Apr-93,0,1,75,TJS,28,0
Kana,Apr-93,0,2,85,TJS,44,1
Kana,Apr-93,0,2,75,TJS,44,1
Kana,Apr-93,0,2,110,TJS,44,1
Kana,Apr-93,0,2,52,TJS,44,1
Kana,Apr-93,0,3,130,TJS,53,1
Kana,Apr-93,0,3,60,TJS,53,1
Kana,Apr-93,0,3,32,TJS,53,1
Kana,Apr-93,0,3,49,TJS,53,1
Kana,Apr-93,0,3,110,TJS,53,1
Kana,Apr-93,0,4,32,TJS,63,1
Kana,Apr-93,0,4,16,TJS,63,1
Kana,Apr-93,0,4,110,TJS,63,1
Kana,Apr-93,0,4,95,TJS,63,1
Kana,Apr-93,0,4,28,TJS,63,1
Kana,Apr-93,0,4,32,TJS,63,1
Kana,Apr-93,0,4,48,TJS,63,1
Kana,Apr-93,0,5,105,TJS,73,1
Kana,Apr-93,0,5,85,TJS,73,1
Kana,Apr-93,0,5,130,TJS,73,1
Kana,Apr-93,0,5,48,TJS,73,1
Kana,Apr-93,0,5,55,TJS,73,1
Kana,Apr-93,0,5,36,TJS,73,1
Kana,Apr-93,0,5,41,TJS,73,1
Kana,Apr-93,0,6,47,TJS,86,1
Kana,Apr-93,0,6,49,TJS,86,1
Kana,Apr-93,0,6,39,TJS,86,1
Kana,Apr-93,0,6,52,TJS,86,1
Kana,Apr-93,0,6,85,TJS,86,1
Kana,Apr-93,0,6,78,TJS,86,1
Kana,Apr-93,0,6,24,TJS,86,1
Kana,Apr-93,0,6,42,TJS,86,1
Kana,Apr-93,0,7,32,TJS,98,2
Kana,Apr-93,0,7,19,TJS,98,2
Kana,Apr-93,0,7,33,TJS,98,2
Kana,Apr-93,0,7,33,TJS,98,2
Kana,Apr-93,0,7,78,TJS,98,2
Kana,Apr-93,0,7,78,TJS,98,2
Kana,Apr-93,0,7,35,TJS,98,2
Kana,Apr-93,0,7,42,TJS,98,2
Kana,Apr-93,0,7,43,TJS,98,2
Kana,Apr-93,0,7,37,TJS,98,2
Kana,Apr-93,0,7,27,TJS,98,2
Kana,Apr-93,0,7,27,TJS,98,2
Kana,Apr-93,0,8,65,TJS,108,2
Kana,Apr-93,0,8,110,TJS,108,2
Kana,Apr-93,0,8,68,TJS,108,2
Kana,Apr-93,0,8,46,TJS,108,2
Kana,Apr-93,0,8,52,TJS,108,2
Kana,Apr-93,0,9,62,TJS,117,2
Kana,Apr-93,0,9,28,TJS,117,2
Kana,Apr-93,0,9,79,TJS,117,2
Kana,Apr-93,0,9,95,TJS,117,2
Kana,Apr-93,0,9,120,TJS,117,2
Kana,Apr-93,0,9,44,TJS,117,2
Kana,Apr-93,0,10,105,TJS,127,2
Kana,Apr-93,0,10,22,TJS,127,2
Kana,Apr-93,0,10,43,TJS,127,2
Kana,Apr-93,0,10,62,TJS,127,2
Kana,Apr-93,0,10,43,TJS,127,2
Kana,Apr-93,0,10,42,TJS,127,2
Kana,Apr-93,0,10,58,TJS,127,2
Kana,Apr-93,0,11,90,TJS,140,2
Kana,Apr-93,0,11,85,TJS,140,2
Kana,Apr-93,0,11,38,TJS,140,2
Kana,Apr-93,0,11,42,TJS,140,2
Kana,Apr-93,0,11,78,TJS,140,2
Kana,Apr-93,0,11,68,TJS,140,2
Kana,Apr-93,0,11,95,TJS,140,2
Kana,Apr-93,0,12,88,TJS,213,4
Kana,Apr-93,0,12,46,TJS,213,4
Kana,Apr-93,0,12,17,TJS,213,4
Kana,Apr-93,0,12,85,TJS,213,4
Kana,Apr-93,0,12,52,TJS,213,4
Kana,Apr-93,0,12,2,TJS,213,4
Kana,Apr-93,0,12,36,TJS,213,4
Kana,Apr-93,0,13,34,TJS,299,5
Kana,Apr-93,0,13,46,TJS,299,5
Kana,Apr-93,0,13,28,TJS,299,5
Kana,Apr-93,0,13,21,TJS,299,5
Kana,Apr-93,0,13,82,TJS,299,5
Kana,Apr-93,0,13,65,TJS,299,5
Kana,Apr-93,0,13,80,TJS,299,5
Kana,Apr-93,0,13,17,TJS,299,5
Kana,Apr-93,0,14,28,TJS,289,5
Kana,Apr-93,0,14,17,TJS,289,5
Kana,Apr-93,0,14,95,TJS,289,5
Kana,Apr-93,0,14,100,TJS,289,5
Kana,Apr-93,0,14,62,TJS,289,5
Kana,Apr-93,0,15,42,TJS,270,4
Kana,Apr-93,0,15,48,TJS,270,4
Kana,Apr-93,0,15,32,TJS,270,4
Kana,Apr-93,0,15,53,TJS,270,4
Kana,Apr-93,0,15,95,TJS,270,4
Kana,Apr-93,0,16,75,TJS,259,4
Kana,Apr-93,0,16,35,TJS,259,4
Kana,Apr-93,0,16,40,TJS,259,4
Kana,Apr-93,0,16,26,TJS,259,4
Kana,Apr-93,0,17,41,TJS,247,4
Kana,Apr-93,0,17,75,TJS,247,4
Kana,Apr-93,0,17,35,TJS,247,4
Kana,Apr-93,0,17,100,TJS,247,4
Kana,Apr-93,0,17,48,TJS,247,4
Kana,Apr-93,0,18,60,TJS,235,4
Kana,Apr-93,0,18,48,TJS,235,4
Kana,Apr-93,0,18,35,TJS,235,4
Kana,Apr-93,0,18,120,TJS,235,4
Kana,Apr-93,0,18,21,TJS,235,4
Kana,Apr-93,0,18,95,TJS,235,4
Kana,Apr-93,0,18,47,TJS,235,4
Kana,Apr-93,0,19,41,TJS,223,4
Kana,Apr-93,0,19,68,TJS,223,4
Kana,Apr-93,0,19,18,TJS,223,4
Kana,Apr-93,0,19,85,TJS,223,4
Kana,Apr-93,0,19,38,TJS,223,4
Kana,Apr-93,0,19,47,TJS,223,4
Kana,Apr-93,0,19,52,TJS,223,4
Kana,Apr-93,0,19,27,TJS,223,4
Kana,Apr-93,0,20,65,TJS,212,4
Kana,Apr-93,0,20,46,TJS,212,4
Kana,Apr-93,0,20,48,TJS,212,4
Kana,Apr-93,0,20,45,TJS,212,4
Kana,Apr-93,0,20,75,TJS,212,4
Kana,Apr-93,0,20,14,TJS,212,4
Kana,Apr-93,0,21,17,TJS,199,3
Kana,Apr-93,0,21,17,TJS,199,3
Kana,Apr-93,0,21,18,TJS,199,3
Kana,Apr-93,0,21,32,TJS,199,3
Kana,Apr-93,0,21,34,TJS,199,3
Kana,Apr-93,0,21,8,TJS,199,3
Kana,Apr-93,0,22,37,TJS,189,3
Kana,Apr-93,0,22,26,TJS,189,3
Kana,Apr-93,0,22,95,TJS,189,3
Kana,Apr-93,0,22,22,TJS,189,3
Kana,Apr-93,0,22,95,TJS,189,3
Kana,Apr-93,0,22,28,TJS,189,3
Kana,Apr-93,0,23,110,TJS,178,3
Kana,Apr-93,0,23,38,TJS,178,3
Kana,Apr-93,0,23,7,TJS,178,3
Kana,Apr-93,0,23,95,TJS,178,3
Kana,Apr-93,0,23,80,TJS,178,3
Kana,Apr-93,0,23,85,TJS,178,3
Kana,Apr-93,0,23,46,TJS,178,3
Kana,Apr-93,0,24,14,TJS,167,3
Kana,Apr-93,0,24,39,TJS,167,3
Kana,Apr-93,0,24,51,TJS,167,3
Kana,Apr-93,0,24,48,TJS,167,3
Kana,Apr-93,0,24,32,TJS,167,3
Kana,Apr-93,0,24,11,TJS,167,3
Kana,Apr-93,0,24,52,TJS,167,3
Kana,Apr-93,0,24,8,TJS,167,3
Kana,Apr-93,0,25,38,TJS,236,4
Kana,Apr-93,0,25,85,TJS,236,4
Kana,Apr-93,0,25,24,TJS,236,4
Kana,Apr-93,0,25,90,TJS,236,4
Kana,Apr-93,0,25,32,TJS,236,4
Kana,Apr-93,0,26,46,TJS,223,4
Kana,Apr-93,0,26,52,TJS,223,4
Kana,Apr-93,0,26,68,TJS,223,4
Kana,Apr-93,0,26,26,TJS,223,4
Kana,Apr-93,0,27,26,TJS,210,4
Kana,Apr-93,0,27,48,TJS,210,4
Kana,Apr-93,0,27,75,TJS,210,4
Kana,Apr-93,0,27,62,TJS,210,4
Kana,Apr-93,0,27,26,TJS,210,4
Kana,Apr-93,0,27,70,TJS,210,4
Kana,Apr-93,0,27,14,TJS,210,4
Kana,Apr-93,0,27,17,TJS,210,4
Kana,Apr-93,0,28,10,TJS,197,3
Kana,Apr-93,0,28,26,TJS,197,3
Kana,Apr-93,0,28,35,TJS,197,3
Kana,Apr-93,0,28,16,TJS,197,3
Kana,Apr-93,0,28,42,TJS,197,3
Kana,Apr-93,0,28,90,TJS,197,3
Kana,Apr-93,0,28,65,TJS,197,3
Kana,Apr-93,0,29,49,TJS,182,3
Kana,Apr-93,0,29,42,TJS,182,3
Kana,Apr-93,0,29,36,TJS,182,3
Kana,Apr-93,0,29,85,TJS,182,3
Kana,Apr-93,0,29,75,TJS,182,3
Kana,Apr-93,0,29,49,TJS,182,3
Kana,Apr-93,0,30,26,TJS,171,3
Kana,Apr-93,0,30,35,TJS,171,3
Kana,Apr-93,0,30,44,TJS,171,3
Kana,Apr-93,0,30,27,TJS,171,3
Kana,Apr-93,0,30,42,TJS,171,3
Kana,Apr-93,0,30,39,TJS,171,3
Kana,Apr-93,0,30,51,TJS,171,3
Kana,Apr-93,0,30,67,TJS,171,3
Kana,Apr-93,0,31,26,TJS,160,3
Kana,Apr-93,0,31,39,TJS,160,3
Kana,Apr-93,0,31,21,TJS,160,3
Kana,Apr-93,0,31,52,TJS,160,3
Kana,Apr-93,0,31,87,TJS,160,3
Kana,Apr-93,0,31,75,TJS,160,3
Kana,Apr-93,0,32,27,TJS,145,2
Kana,Apr-93,0,32,28,TJS,145,2
Kana,Apr-93,0,32,65,TJS,145,2
Kana,Apr-93,0,32,17,TJS,145,2
Kana,Apr-93,0,32,85,TJS,145,2
Kana,Apr-93,0,32,21,TJS,145,2
Kana,Apr-93,0,32,28,TJS,145,2
Kana,Apr-93,0,33,29,TJS,134,2
Kana,Apr-93,0,33,38,TJS,134,2
Kana,Apr-93,0,33,47,TJS,134,2
Kana,Apr-93,0,33,52,TJS,134,2
Kana,Apr-93,0,33,62,TJS,134,2
Kana,Apr-93,0,33,41,TJS,134,2
Kana,Apr-93,0,34,38,TJS,123,2
Kana,Apr-93,0,34,19,TJS,123,2
Kana,Apr-93,0,34,68,TJS,123,2
Kana,Apr-93,0,34,21,TJS,123,2
Kana,Apr-93,0,34,26,TJS,123,2
Kana,Apr-93,0,34,30,TJS,123,2
Kana,Apr-93,0,34,110,TJS,123,2
Kana,Apr-93,0,34,76,TJS,123,2
Kana,Apr-93,0,34,47,TJS,123,2
Kana,Apr-93,0,34,52,TJS,123,2
Kana,Apr-93,0,35,32,TJS,112,2
Kana,Apr-93,0,35,21,TJS,112,2
Kana,Apr-93,0,35,47,TJS,112,2
Kana,Apr-93,0,35,3,TJS,112,2
Kana,Apr-93,0,35,2,TJS,112,2
Kana,Apr-93,0,35,2,TJS,112,2
Kana,Apr-93,0,35,17,TJS,112,2
Kana,Apr-93,0,35,72,TJS,112,2
Kana,Apr-93,0,35,78,TJS,112,2
Kana,Apr-93,0,35,40,TJS,112,2
Kana,Apr-93,0,36,55,TJS,46,1
Kana,Apr-93,0,36,70,TJS,46,1
Kana,Apr-93,0,36,75,TJS,46,1
Kana,Apr-93,0,36,72,TJS,46,1
Kana,Apr-93,0,36,4,TJS,46,1
Kana,Apr-93,0,36,12,TJS,46,1
Kana,Apr-93,0,36,50,TJS,46,1
Kana,Apr-93,0,36,58,TJS,46,1
Kana,Apr-93,0,37,45,TJS,58,1
Kana,Apr-93,0,37,16,TJS,58,1
Kana,Apr-93,0,37,36,TJS,58,1
Kana,Apr-93,0,37,42,TJS,58,1
Kana,Apr-93,0,37,75,TJS,58,1
Kana,Apr-93,0,37,70,TJS,58,1
Kana,Apr-93,0,37,110,TJS,58,1
Kana,Apr-93,0,37,51,TJS,58,1
Kana,Apr-93,0,37,8,TJS,58,1
Kana,Apr-93,0,38,65,TJS,68,1
Kana,Apr-93,0,38,36,TJS,68,1
Kana,Apr-93,0,38,45,TJS,68,1
Kana,Apr-93,0,38,26,TJS,68,1
Kana,Apr-93,0,38,79,TJS,68,1
Kana,Apr-93,0,38,40,TJS,68,1
Kana,Apr-93,0,38,36,TJS,68,1
Kana,Apr-93,0,39,36,TJS,78,1
Kana,Apr-93,0,39,27,TJS,78,1
Kana,Apr-93,0,39,68,TJS,78,1
Kana,Apr-93,0,39,105,TJS,78,1
Kana,Apr-93,0,39,42,TJS,78,1
Kana,Apr-93,0,39,48,TJS,78,1
Kana,Apr-93,0,40,28,TJS,89,1
Kana,Apr-93,0,40,36,TJS,89,1
Kana,Apr-93,0,40,23,TJS,89,1
Kana,Apr-93,0,40,21,TJS,89,1
Kana,Apr-93,0,40,90,TJS,89,1
Kana,Apr-93,0,40,54,TJS,89,1
Kana,Apr-93,0,41,36,TJS,100,2
Kana,Apr-93,0,41,6,TJS,100,2
Kana,Apr-93,0,41,44,TJS,100,2
Kana,Apr-93,0,41,47,TJS,100,2
Kana,Apr-93,0,41,48,TJS,100,2
Kana,Jul-93,0,1,30,TJS,171,3
Kana,Jul-93,0,1,80,TJS,171,3
Kana,Jul-93,0,1,70,TJS,171,3
Kana,Jul-93,0,1,80,TJS,171,3
Kana,Jul-93,0,1,28,TJS,171,3
Kana,Jul-93,0,1,32,TJS,171,3
Kana,Jul-93,0,1,60,TJS,171,3
Kana,Jul-93,0,1,12,TJS,171,3
Kana,Jul-93,0,2,32,TJS,182,3
Kana,Jul-93,0,2,85,TJS,182,3
Kana,Jul-93,0,2,23,TJS,182,3
Kana,Jul-93,0,2,75,TJS,182,3
Kana,Jul-93,0,2,80,TJS,182,3
Kana,Jul-93,0,2,42,TJS,182,3
Kana,Jul-93,0,3,48,TJS,192,3
Kana,Jul-93,0,3,60,TJS,192,3
Kana,Jul-93,0,3,85,TJS,192,3
Kana,Jul-93,0,3,100,TJS,192,3
Kana,Jul-93,0,4,25,TJS,203,3
Kana,Jul-93,0,4,14,TJS,203,3
Kana,Jul-93,0,4,17,TJS,203,3
Kana,Jul-93,0,4,28,TJS,203,3
Kana,Jul-93,0,5,40,TJS,214,4
Kana,Jul-93,0,5,90,TJS,214,4
Kana,Jul-93,0,5,28,TJS,214,4
Kana,Jul-93,0,5,24,TJS,214,4
Kana,Jul-93,0,5,62,TJS,214,4
Kana,Jul-93,0,5,60,TJS,214,4
Kana,Jul-93,0,6,32,TJS,225,4
Kana,Jul-93,0,6,70,TJS,225,4
Kana,Jul-93,0,6,36,TJS,225,4
Kana,Jul-93,0,6,38,TJS,225,4
Kana,Jul-93,0,6,45,TJS,225,4
Kana,Jul-93,0,6,40,TJS,225,4
Kana,Jul-93,0,7,90,TJS,237,4
Kana,Jul-93,0,7,65,TJS,237,4
Kana,Jul-93,0,7,36,TJS,237,4
Kana,Jul-93,0,7,60,TJS,237,4
Kana,Jul-93,0,7,45,TJS,237,4
Kana,Jul-93,0,7,75,TJS,237,4
Kana,Jul-93,0,7,28,TJS,237,4
Kana,Jul-93,0,7,85,TJS,237,4
Kana,Jul-93,0,8,48,TJS,247,4
Kana,Jul-93,0,8,48,TJS,247,4
Kana,Jul-93,0,8,65,TJS,247,4
Kana,Jul-93,0,8,80,TJS,247,4
Kana,Jul-93,0,8,70,TJS,247,4
Kana,Jul-93,0,8,45,TJS,247,4
Kana,Jul-93,0,8,28,TJS,247,4
Kana,Jul-93,0,8,26,TJS,247,4
Kana,Jul-93,0,9,26,TJS,257,4
Kana,Jul-93,0,9,38,TJS,257,4
Kana,Jul-93,0,9,75,TJS,257,4
Kana,Jul-93,0,9,80,TJS,257,4
Kana,Jul-93,0,9,90,TJS,257,4
Kana,Jul-93,0,9,42,TJS,257,4
Kana,Jul-93,0,9,70,TJS,257,4
Kana,Jul-93,0,10,45,TJS,268,4
Kana,Jul-93,0,10,40,TJS,268,4
Kana,Jul-93,0,10,60,TJS,268,4
Kana,Jul-93,0,10,32,TJS,268,4
Kana,Jul-93,0,10,12,TJS,268,4
Kana,Jul-93,0,10,38,TJS,268,4
Kana,Jul-93,0,11,42,TJS,279,5
Kana,Jul-93,0,11,38,TJS,279,5
Kana,Jul-93,0,11,80,TJS,279,5
Kana,Jul-93,0,11,65,TJS,279,5
Kana,Jul-93,0,11,45,TJS,279,5
Kana,Jul-93,0,11,18,TJS,279,5
Kana,Jul-93,0,11,36,TJS,279,5
Kana,Jul-93,0,12,3,TJS,290,5
Kana,Jul-93,0,12,28,TJS,290,5
Kana,Jul-93,0,12,70,TJS,290,5
Kana,Jul-93,0,12,50,TJS,290,5
Kana,Jul-93,0,12,50,TJS,290,5
Kana,Jul-93,0,12,55,TJS,290,5
Kana,Jul-93,0,13,14,TJS,155,3
Kana,Jul-93,0,13,45,TJS,155,3
Kana,Jul-93,0,13,32,TJS,155,3
Kana,Jul-93,0,13,35,TJS,155,3
Kana,Jul-93,0,13,16,TJS,155,3
Kana,Jul-93,0,14,65,TJS,145,2
Kana,Jul-93,0,14,23,TJS,145,2
Kana,Jul-93,0,14,40,TJS,145,2
Kana,Jul-93,0,14,26,TJS,145,2
Kana,Jul-93,0,15,55,TJS,135,2
Kana,Jul-93,0,15,8,TJS,135,2
Kana,Jul-93,0,15,45,TJS,135,2
Kana,Jul-93,0,15,75,TJS,135,2
Kana,Jul-93,0,15,60,TJS,135,2
Kana,Jul-93,0,16,26,TJS,123,2
Kana,Jul-93,0,16,65,TJS,123,2
Kana,Jul-93,0,16,90,TJS,123,2
Kana,Jul-93,0,16,35,TJS,123,2
Kana,Jul-93,0,16,38,TJS,123,2
Kana,Jul-93,0,16,42,TJS,123,2
Kana,Jul-93,0,17,36,TJS,111,2
Kana,Jul-93,0,17,45,TJS,111,2
Kana,Jul-93,0,18,50,TJS,100,2
Kana,Jul-93,0,18,4,TJS,100,2
Kana,Jul-93,0,18,24,TJS,100,2
Kana,Jul-93,0,18,16,TJS,100,2
Kana,Jul-93,0,18,35,TJS,100,2
Kana,Jul-93,0,18,12,TJS,100,2
Kana,Jul-93,0,18,29,TJS,100,2
Kana,Jul-93,0,18,35,TJS,100,2
Kana,Jul-93,0,19,50,TJS,87,1
Kana,Jul-93,0,19,23,TJS,87,1
Kana,Jul-93,0,19,19,TJS,87,1
Kana,Jul-93,0,19,85,TJS,87,1
Kana,Jul-93,0,20,27,TJS,75,1
Kana,Jul-93,0,20,24,TJS,75,1
Kana,Jul-93,0,20,26,TJS,75,1
Kana,Jul-93,0,20,17,TJS,75,1
Kana,Jul-93,0,20,17,TJS,75,1
Kana,Jul-93,0,21,42,TJS,66,1
Kana,Jul-93,0,21,12,TJS,66,1
Kana,Jul-93,0,21,23,TJS,66,1
Kana,Jul-93,0,21,9,TJS,66,1
Kana,Jul-93,0,21,9,TJS,66,1
Kana,Jul-93,0,21,32,TJS,66,1
Kana,Jul-93,0,21,50,TJS,66,1
Kana,Jul-93,0,22,80,TJS,54,1
Kana,Jul-93,0,22,26,TJS,54,1
Kana,Jul-93,0,22,45,TJS,54,1
Kana,Jul-93,0,22,50,TJS,54,1
Kana,Jul-93,0,22,60,TJS,54,1
Kana,Jul-93,0,22,40,TJS,54,1
Kana,Jul-93,0,22,58,TJS,54,1
Kana,Jul-93,0,23,32,TJS,41,1
Kana,Jul-93,0,23,26,TJS,41,1
Kana,Jul-93,0,23,45,TJS,41,1
Kana,Jul-93,0,23,16,TJS,41,1
Kana,Jul-93,0,23,45,TJS,41,1
Kana,Jul-93,0,23,30,TJS,41,1
Kana,Jul-93,0,24,33,TJS,28,0
Kana,Jul-93,0,24,50,TJS,28,0
Kana,Jul-93,0,24,45,TJS,28,0
Kana,Jul-93,0,24,37,TJS,28,0
Kana,Jul-93,0,24,23,TJS,28,0
Kana,Jul-93,0,24,35,TJS,28,0
Kana,Jul-93,0,25,8,SGF,104,2
Kana,Jul-93,0,25,37,SGF,104,2
Kana,Jul-93,0,26,8,SGF,137,2
Kana,Jul-93,0,26,13,SGF,137,2
Kana,Jul-93,0,26,14,SGF,137,2
Kana,Jul-93,0,26,28,SGF,137,2
Kana,Jul-93,0,26,15,SGF,137,2
Kana,Jul-93,0,26,25,SGF,137,2
Kana,Jul-93,0,27,8,SGF,164,3
Kana,Jul-93,0,27,65,SGF,164,3
Kana,Jul-93,0,27,48,SGF,164,3
Kana,Jul-93,0,27,17,SGF,164,3
Kana,Jul-93,0,27,10,SGF,164,3
Kana,Jul-93,0,28,24,SGF,174,3
Kana,Jul-93,0,28,18,SGF,174,3
Kana,Jul-93,0,28,10,SGF,174,3
Kana,Jul-93,0,28,14,SGF,174,3
Kana,Jul-93,0,29,22,SGF,186,3
Kana,Jul-93,0,29,18,SGF,186,3
Kana,Jul-93,0,29,18,SGF,186,3
Kana,Jul-93,0,29,15,SGF,186,3
Kana,Jul-93,0,29,18,SGF,186,3
Kana,Jul-93,0,30,40,SGF,197,3
Kana,Jul-93,0,30,35,SGF,197,3
Kana,Jul-93,0,30,24,SGF,197,3
Kana,Jul-93,0,30,22,SGF,197,3
Kana,Jul-93,0,31,35,SGF,210,4
Kana,Jul-93,0,31,30,SGF,210,4
Kana,Jul-93,0,31,12,SGF,210,4
Kana,Jul-93,0,31,25,SGF,210,4
Kana,Jul-93,0,31,25,SGF,210,4
Kana,Jul-93,0,31,20,SGF,210,4
Kana,Jul-93,0,31,26,SGF,210,4
Kana,Jul-93,0,32,28,SGF,221,4
Kana,Jul-93,0,32,45,SGF,221,4
Kana,Jul-93,0,32,22,SGF,221,4
Kana,Jul-93,0,32,15,SGF,221,4
Kana,Jul-93,0,32,25,SGF,221,4
Kana,Jul-93,0,32,25,SGF,221,4
Kana,Jul-93,0,32,4,SGF,221,4
Kana,Jul-93,0,32,7,SGF,221,4
Kana,Jul-93,0,33,35,SGF,232,4
Kana,Jul-93,0,33,35,SGF,232,4
Kana,Jul-93,0,33,38,SGF,232,4
Kana,Jul-93,0,33,30,SGF,232,4
Kana,Jul-93,0,34,23,SGF,242,4
Kana,Jul-93,0,34,22,SGF,242,4
Kana,Jul-93,0,34,22,SGF,242,4
Kana,Jul-93,0,34,3,SGF,242,4
Kana,Jul-93,0,35,10,SGF,252,4
Kana,Jul-93,0,35,12,SGF,252,4
Kana,Jul-93,0,35,16,SGF,252,4
Kana,Jul-93,0,35,15,SGF,252,4
Kana,Jul-93,0,35,25,SGF,252,4
Kana,Jul-93,0,36,24,SGF,71,1
Kana,Jul-93,0,36,24,SGF,71,1
Kana,Jul-93,0,36,5,SGF,71,1
Kana,Jul-93,0,36,8,SGF,71,1
Kana,Jul-93,0,36,28,SGF,71,1
Kana,Jul-93,0,37,13,SGF,59,1
Kana,Jul-93,0,37,13,SGF,59,1
Kana,Jul-93,0,38,12,SGF,48,1
Kana,Jul-93,0,39,22,SGF,34,1
Kana,Jul-93,0,39,8,SGF,34,1
Kana,Jul-93,0,39,50,SGF,34,1
Kana,Jul-93,0,39,35,SGF,34,1
Kana,Jul-93,0,39,28,SGF,34,1
Kana,Jul-93,0,39,60,SGF,34,1
Kana,Jul-93,0,40,75,SGF,22,0
Kana,Jan-94,0,1,26,TJS,-8,0
Kana,Jan-94,0,1,80,TJS,-8,0
Kana,Jan-94,0,1,90,TJS,-8,0
Kana,Jan-94,0,1,75,TJS,-8,0
Kana,Jan-94,0,2,48,TJS,3,0
Kana,Jan-94,0,2,110,TJS,3,0
Kana,Jan-94,0,2,50,TJS,3,0
Kana,Jan-94,0,2,70,TJS,3,0
Kana,Jan-94,0,2,120,TJS,3,0
Kana,Jan-94,0,2,80,TJS,3,0
Kana,Jan-94,0,3,200,TJS,14,0
Kana,Jan-94,0,3,120,TJS,14,0
Kana,Jan-94,0,3,85,TJS,14,0
Kana,Jan-94,0,3,180,TJS,14,0
Kana,Jan-94,0,3,41,TJS,14,0
Kana,Jan-94,0,4,65,TJS,26,0
Kana,Jan-94,0,4,210,TJS,26,0
Kana,Jan-94,0,4,210,TJS,26,0
Kana,Jan-94,0,4,110,TJS,26,0
Kana,Jan-94,0,4,80,TJS,26,0
Kana,Jan-94,0,4,95,TJS,26,0
Kana,Jan-94,0,4,120,TJS,26,0
Kana,Jan-94,0,5,110,TJS,38,1
Kana,Jan-94,0,5,180,TJS,38,1
Kana,Jan-94,0,5,58,TJS,38,1
Kana,Jan-94,0,5,85,TJS,38,1
Kana,Jan-94,0,5,40,TJS,38,1
Kana,Jan-94,0,6,60,TJS,48,1
Kana,Jan-94,0,6,90,TJS,48,1
Kana,Jan-94,0,6,85,TJS,48,1
Kana,Jan-94,0,6,35,TJS,48,1
Kana,Jan-94,0,6,55,TJS,48,1
Kana,Jan-94,0,6,78,TJS,48,1
Kana,Jan-94,0,7,95,TJS,59,1
Kana,Jan-94,0,7,65,TJS,59,1
Kana,Jan-94,0,7,85,TJS,59,1
Kana,Jan-94,0,7,48,TJS,59,1
Kana,Jan-94,0,7,16,TJS,59,1
Kana,Jan-94,0,7,38,TJS,59,1
Kana,Jan-94,0,7,29,TJS,59,1
Kana,Jan-94,0,8,48,TJS,75,1
Kana,Jan-94,0,8,16,TJS,75,1
Kana,Jan-94,0,8,12,TJS,75,1
Kana,Jan-94,0,8,180,TJS,75,1
Kana,Jan-94,0,8,120,TJS,75,1
Kana,Jan-94,0,8,36,TJS,75,1
Kana,Jan-94,0,8,75,TJS,75,1
Kana,Jan-94,0,9,95,TJS,86,1
Kana,Jan-94,0,9,150,TJS,86,1
Kana,Jan-94,0,9,180,TJS,86,1
Kana,Jan-94,0,9,110,TJS,86,1
Kana,Jan-94,0,9,33,TJS,86,1
Kana,Jan-94,0,9,32,TJS,86,1
Kana,Jan-94,0,9,56,TJS,86,1
Kana,Jan-94,0,9,17,TJS,86,1
Kana,Jan-94,0,9,48,TJS,86,1
Kana,Jan-94,0,10,23,TJS,97,2
Kana,Jan-94,0,10,78,TJS,97,2
Kana,Jan-94,0,10,140,TJS,97,2
Kana,Jan-94,0,10,110,TJS,97,2
Kana,Jan-94,0,10,82,TJS,97,2
Kana,Jan-94,0,10,56,TJS,97,2
Kana,Jan-94,0,10,32,TJS,97,2
Kana,Jan-94,0,10,42,TJS,97,2
Kana,Jan-94,0,11,68,TJS,106,2
Kana,Jan-94,0,11,85,TJS,106,2
Kana,Jan-94,0,11,45,TJS,106,2
Kana,Jan-94,0,12,28,TJS,117,2
Kana,Jan-94,0,12,32,TJS,117,2
Kana,Jan-94,0,13,7,TJS,233,4
Kana,Jan-94,0,13,56,TJS,233,4
Kana,Jan-94,0,13,85,TJS,233,4
Kana,Jan-94,0,13,44,TJS,233,4
Kana,Jan-94,0,13,12,TJS,233,4
Kana,Jan-94,0,14,110,TJS,224,4
Kana,Jan-94,0,14,70,TJS,224,4
Kana,Jan-94,0,14,48,TJS,224,4
Kana,Jan-94,0,14,26,TJS,224,4
Kana,Jan-94,0,14,85,TJS,224,4
Kana,Jan-94,0,14,45,TJS,224,4
Kana,Jan-94,0,15,86,TJS,215,4
Kana,Jan-94,0,15,26,TJS,215,4
Kana,Jan-94,0,15,11,TJS,215,4
Kana,Jan-94,0,15,95,TJS,215,4
Kana,Jan-94,0,15,38,TJS,215,4
Kana,Jan-94,0,15,68,TJS,215,4
Kana,Jan-94,0,15,44,TJS,215,4
Kana,Jan-94,0,16,110,TJS,206,3
Kana,Jan-94,0,16,90,TJS,206,3
Kana,Jan-94,0,17,40,TJS,197,3
Kana,Jan-94,0,17,58,TJS,197,3
Kana,Jan-94,0,17,34,TJS,197,3
Kana,Jan-94,0,17,48,TJS,197,3
Kana,Jan-94,0,17,100,TJS,197,3
Kana,Jan-94,0,18,48,TJS,188,3
Kana,Jan-94,0,18,23,TJS,188,3
Kana,Jan-94,0,18,24,TJS,188,3
Kana,Jan-94,0,18,90,TJS,188,3
Kana,Jan-94,0,18,68,TJS,188,3
Kana,Jan-94,0,18,75,TJS,188,3
Kana,Jan-94,0,18,110,TJS,188,3
Kana,Jan-94,0,18,85,TJS,188,3
Kana,Jan-94,0,19,27,TJS,179,3
Kana,Jan-94,0,19,48,TJS,179,3
Kana,Jan-94,0,19,56,TJS,179,3
Kana,Jan-94,0,19,95,TJS,179,3
Kana,Jan-94,0,19,85,TJS,179,3
Kana,Jan-94,0,19,24,TJS,179,3
Kana,Jan-94,0,20,65,TJS,168,3
Kana,Jan-94,0,20,85,TJS,168,3
Kana,Jan-94,0,20,110,TJS,168,3
Kana,Jan-94,0,20,23,TJS,168,3
Kana,Jan-94,0,20,24,TJS,168,3
Kana,Jan-94,0,21,110,TJS,158,3
Kana,Jan-94,0,21,85,TJS,158,3
Kana,Jan-94,0,21,36,TJS,158,3
Kana,Jan-94,0,21,9,TJS,158,3
Kana,Jan-94,0,21,38,TJS,158,3
Kana,Jan-94,0,21,65,TJS,158,3
Kana,Jan-94,0,21,22,TJS,158,3
Kana,Jan-94,0,22,120,TJS,147,2
Kana,Jan-94,0,22,43,TJS,147,2
Kana,Jan-94,0,22,95,TJS,147,2
Kana,Jan-94,0,22,28,TJS,147,2
Kana,Jan-94,0,22,68,TJS,147,2
Kana,Jan-94,0,22,42,TJS,147,2
Kana,Jan-94,0,22,26,TJS,147,2
Kana,Jan-94,0,22,13,TJS,147,2
Kana,Jan-94,0,23,56,TJS,137,2
Kana,Jan-94,0,23,75,TJS,137,2
Kana,Jan-94,0,23,62,TJS,137,2
Kana,Jan-94,0,23,46,TJS,137,2
Kana,Jan-94,0,24,23,TJS,127,2
Kana,Jan-94,0,24,17,TJS,127,2
Kana,Jan-94,0,24,62,TJS,127,2
Kana,Jan-94,0,24,75,TJS,127,2
Kana,Jan-94,0,24,90,TJS,127,2
Kana,Jan-94,0,25,42,TJS,183,3
Kana,Jan-94,0,25,46,TJS,183,3
Kana,Jan-94,0,25,2,TJS,183,3
Kana,Jan-94,0,25,22,TJS,183,3
Kana,Jan-94,0,25,38,TJS,183,3
Kana,Jan-94,0,25,110,TJS,183,3
Kana,Jan-94,0,26,24,TJS,170,3
Kana,Jan-94,0,26,31,TJS,170,3
Kana,Jan-94,0,26,68,TJS,170,3
Kana,Jan-94,0,26,52,TJS,170,3
Kana,Jan-94,0,26,90,TJS,170,3
Kana,Jan-94,0,26,100,TJS,170,3
Kana,Jan-94,0,26,85,TJS,170,3
Kana,Jan-94,0,26,26,TJS,170,3
Kana,Jan-94,0,26,45,TJS,170,3
Kana,Jan-94,0,27,38,TJS,157,3
Kana,Jan-94,0,27,95,TJS,157,3
Kana,Jan-94,0,27,85,TJS,157,3
Kana,Jan-94,0,27,56,TJS,157,3
Kana,Jan-94,0,27,42,TJS,157,3
Kana,Jan-94,0,27,68,TJS,157,3
Kana,Jan-94,0,27,75,TJS,157,3
Kana,Jan-94,0,28,8,TJS,145,2
Kana,Jan-94,0,28,70,TJS,145,2
Kana,Jan-94,0,28,19,TJS,145,2
Kana,Jan-94,0,28,22,TJS,145,2
Kana,Jan-94,0,29,68,TJS,134,2
Kana,Jan-94,0,29,105,TJS,134,2
Kana,Jan-94,0,29,78,TJS,134,2
Kana,Jan-94,0,29,16,TJS,134,2
Kana,Jan-94,0,29,16,TJS,134,2
Kana,Jan-94,0,29,32,TJS,134,2
Kana,Jan-94,0,29,27,TJS,134,2
Kana,Jan-94,0,29,36,TJS,134,2
Kana,Jan-94,0,29,40,TJS,134,2
Kana,Jan-94,0,29,75,TJS,134,2
Kana,Jan-94,0,30,70,TJS,124,2
Kana,Jan-94,0,30,105,TJS,124,2
Kana,Jan-94,0,30,90,TJS,124,2
Kana,Jan-94,0,30,34,TJS,124,2
Kana,Jan-94,0,30,18,TJS,124,2
Kana,Jan-94,0,30,26,TJS,124,2
Kana,Jan-94,0,30,85,TJS,124,2
Kana,Jan-94,0,30,95,TJS,124,2
Kana,Jan-94,0,31,140,TJS,114,2
Kana,Jan-94,0,31,110,TJS,114,2
Kana,Jan-94,0,31,85,TJS,114,2
Kana,Jan-94,0,31,65,TJS,114,2
Kana,Jan-94,0,31,17,TJS,114,2
Kana,Jan-94,0,31,45,TJS,114,2
Kana,Jan-94,0,31,65,TJS,114,2
Kana,Jan-94,0,31,29,TJS,114,2
Kana,Jan-94,0,31,32,TJS,114,2
Kana,Jan-94,0,31,22,TJS,114,2
Kana,Jan-94,0,31,120,TJS,114,2
Kana,Jan-94,0,32,42,TJS,102,2
Kana,Jan-94,0,32,80,TJS,102,2
Kana,Jan-94,0,32,65,TJS,102,2
Kana,Jan-94,0,32,28,TJS,102,2
Kana,Jan-94,0,32,23,TJS,102,2
Kana,Jan-94,0,32,8,TJS,102,2
Kana,Jan-94,0,32,5,TJS,102,2
Kana,Jan-94,0,33,120,TJS,93,2
Kana,Jan-94,0,33,140,TJS,93,2
Kana,Jan-94,0,33,78,TJS,93,2
Kana,Jan-94,0,33,85,TJS,93,2
Kana,Jan-94,0,33,120,TJS,93,2
Kana,Jan-94,0,33,110,TJS,93,2
Kana,Jan-94,0,34,110,TJS,80,1
Kana,Jan-94,0,34,120,TJS,80,1
Kana,Jan-94,0,34,85,TJS,80,1
Kana,Jan-94,0,34,80,TJS,80,1
Kana,Jan-94,0,34,23,TJS,80,1
Kana,Jan-94,0,34,25,TJS,80,1
Kana,Jan-94,0,35,52,TJS,69,1
Kana,Jan-94,0,35,85,TJS,69,1
Kana,Jan-94,0,35,46,TJS,69,1
Kana,Jan-94,0,36,85,TJS,-1,0
Kana,Jan-94,0,36,68,TJS,-1,0
Kana,Jan-94,0,36,48,TJS,-1,0
Kana,Jan-94,0,36,78,TJS,-1,0
Kana,Jan-94,0,36,52,TJS,-1,0
Kana,Jan-94,0,36,8,TJS,-1,0
Kana,Jan-94,0,36,4,TJS,-1,0
Kana,Jan-94,0,37,60,TJS,14,0
Kana,Jan-94,0,37,85,TJS,14,0
Kana,Jan-94,0,37,32,TJS,14,0
Kana,Jan-94,0,37,28,TJS,14,0
Kana,Jan-94,0,37,16,TJS,14,0
Kana,Jan-94,0,37,40,TJS,14,0
Kana,Jan-94,0,37,140,TJS,14,0
Kana,Jan-94,0,37,23,TJS,14,0
Kana,Jan-94,0,37,110,TJS,14,0
Kana,Jan-94,0,37,42,TJS,14,0
Kana,Jan-94,0,37,19,TJS,14,0
Kana,Jan-94,0,37,28,TJS,14,0
Kana,Jan-94,0,38,95,TJS,24,0
Kana,Jan-94,0,38,140,TJS,24,0
Kana,Jan-94,0,38,48,TJS,24,0
Kana,Jan-94,0,38,36,TJS,24,0
Kana,Jan-94,0,38,85,TJS,24,0
Kana,Jan-94,0,38,140,TJS,24,0
Kana,Jan-94,0,38,95,TJS,24,0
Kana,Jan-94,0,39,85,TJS,35,1
Kana,Jan-94,0,39,105,TJS,35,1
Kana,Jan-94,0,39,105,TJS,35,1
Kana,Jan-94,0,39,65,TJS,35,1
Kana,Jan-94,0,39,48,TJS,35,1
Kana,Jan-94,0,39,65,TJS,35,1
Kana,Jan-94,0,39,85,TJS,35,1
Kana,Jan-94,0,39,75,TJS,35,1
Kana,Jan-94,0,40,48,TJS,45,1
Kana,Jan-94,0,40,85,TJS,45,1
Kana,Jan-94,0,40,95,TJS,45,1
Kana,Jan-94,0,40,19,TJS,45,1
Kana,Jan-94,0,40,120,TJS,45,1
Kana,Jan-94,0,40,55,TJS,45,1
Kana,Jan-94,0,40,15,TJS,45,1
Kana,Jan-94,0,40,75,TJS,45,1
Kana,Jan-94,0,40,36,TJS,45,1
Kana,Jan-94,0,40,120,TJS,45,1
Kana,Jan-94,0,41,90,TJS,55,1
Kana,Jan-94,0,41,50,TJS,55,1
Kana,Jan-94,0,41,38,TJS,55,1
Kana,Jan-94,0,41,48,TJS,55,1
Kana,Apr-94,0,1,24,TJS,63,1
Kana,Apr-94,0,1,45,TJS,63,1
Kana,Apr-94,0,1,28,TJS,63,1
Kana,Apr-94,0,1,45,TJS,63,1
Kana,Apr-94,0,1,70,TJS,63,1
Kana,Apr-94,0,1,50,TJS,63,1
Kana,Apr-94,0,1,40,TJS,63,1
Kana,Apr-94,0,2,80,TJS,73,1
Kana,Apr-94,0,2,75,TJS,73,1
Kana,Apr-94,0,2,35,TJS,73,1
Kana,Apr-94,0,2,90,TJS,73,1
Kana,Apr-94,0,2,65,TJS,73,1
Kana,Apr-94,0,3,75,TJS,83,1
Kana,Apr-94,0,3,80,TJS,83,1
Kana,Apr-94,0,3,60,TJS,83,1
Kana,Apr-94,0,3,80,TJS,83,1
Kana,Apr-94,0,3,10,TJS,83,1
Kana,Apr-94,0,4,70,TJS,94,2
Kana,Apr-94,0,4,55,TJS,94,2
Kana,Apr-94,0,4,110,TJS,94,2
Kana,Apr-94,0,4,45,TJS,94,2
Kana,Apr-94,0,4,90,TJS,94,2
Kana,Apr-94,0,4,18,TJS,94,2
Kana,Apr-94,0,5,85,TJS,104,2
Kana,Apr-94,0,5,26,TJS,104,2
Kana,Apr-94,0,5,90,TJS,104,2
Kana,Apr-94,0,5,110,TJS,104,2
Kana,Apr-94,0,5,75,TJS,104,2
Kana,Apr-94,0,5,80,TJS,104,2
Kana,Apr-94,0,5,55,TJS,104,2
Kana,Apr-94,0,6,11,TJS,114,2
Kana,Apr-94,0,6,55,TJS,114,2
Kana,Apr-94,0,6,60,TJS,114,2
Kana,Apr-94,0,6,70,TJS,114,2
Kana,Apr-94,0,6,45,TJS,114,2
Kana,Apr-94,0,6,90,TJS,114,2
Kana,Apr-94,0,6,26,TJS,114,2
Kana,Apr-94,0,7,39,TJS,123,2
Kana,Apr-94,0,7,38,TJS,123,2
Kana,Apr-94,0,7,22,TJS,123,2
Kana,Apr-94,0,7,28,TJS,123,2
Kana,Apr-94,0,7,10,TJS,123,2
Kana,Apr-94,0,7,55,TJS,123,2
Kana,Apr-94,0,7,65,TJS,123,2
Kana,Apr-94,0,8,44,TJS,133,2
Kana,Apr-94,0,8,70,TJS,133,2
Kana,Apr-94,0,8,65,TJS,133,2
Kana,Apr-94,0,8,29,TJS,133,2
Kana,Apr-94,0,8,36,TJS,133,2
Kana,Apr-94,0,8,75,TJS,133,2
Kana,Apr-94,0,8,54,TJS,133,2
Kana,Apr-94,0,9,38,TJS,143,2
Kana,Apr-94,0,9,80,TJS,143,2
Kana,Apr-94,0,9,65,TJS,143,2
Kana,Apr-94,0,9,26,TJS,143,2
Kana,Apr-94,0,9,70,TJS,143,2
Kana,Apr-94,0,10,47,TJS,153,3
Kana,Apr-94,0,10,48,TJS,153,3
Kana,Apr-94,0,10,50,TJS,153,3
Kana,Apr-94,0,10,28,TJS,153,3
Kana,Apr-94,0,10,18,TJS,153,3
Kana,Apr-94,0,10,27,TJS,153,3
Kana,Apr-94,0,11,12,TJS,163,3
Kana,Apr-94,0,11,12,TJS,163,3
Kana,Apr-94,0,11,80,TJS,163,3
Kana,Apr-94,0,11,46,TJS,163,3
Kana,Apr-94,0,11,60,TJS,163,3
Kana,Apr-94,0,11,60,TJS,163,3
Kana,Apr-94,0,11,28,TJS,163,3
Kana,Apr-94,0,11,50,TJS,163,3
Kana,Apr-94,0,11,45,TJS,163,3
Kana,Apr-94,0,12,40,TJS,173,3
Kana,Apr-94,0,12,48,TJS,173,3
Kana,Apr-94,0,12,28,TJS,173,3
Kana,Apr-94,0,12,32,TJS,173,3
Kana,Apr-94,0,13,40,TJS,307,5
Kana,Apr-94,0,13,70,TJS,307,5
Kana,Apr-94,0,13,12,TJS,307,5
Kana,Apr-94,0,13,60,TJS,307,5
Kana,Apr-94,0,13,36,TJS,307,5
Kana,Apr-94,0,13,42,TJS,307,5
Kana,Apr-94,0,14,45,TJS,299,5
Kana,Apr-94,0,14,33,TJS,299,5
Kana,Apr-94,0,14,32,TJS,299,5
Kana,Apr-94,0,14,25,TJS,299,5
Kana,Apr-94,0,14,60,TJS,299,5
Kana,Apr-94,0,15,28,TJS,287,5
Kana,Apr-94,0,15,19,TJS,287,5
Kana,Apr-94,0,15,32,TJS,287,5
Kana,Apr-94,0,15,45,TJS,287,5
Kana,Apr-94,0,15,50,TJS,287,5
Kana,Apr-94,0,15,70,TJS,287,5
Kana,Apr-94,0,16,45,TJS,277,5
Kana,Apr-94,0,16,12,TJS,277,5
Kana,Apr-94,0,16,32,TJS,277,5
Kana,Apr-94,0,16,25,TJS,277,5
Kana,Apr-94,0,17,46,TJS,267,4
Kana,Apr-94,0,17,50,TJS,267,4
Kana,Apr-94,0,17,19,TJS,267,4
Kana,Apr-94,0,17,36,TJS,267,4
Kana,Apr-94,0,17,12,TJS,267,4
Kana,Apr-94,0,17,35,TJS,267,4
Kana,Apr-94,0,18,35,TJS,252,4
Kana,Apr-94,0,18,45,TJS,252,4
Kana,Apr-94,0,18,19,TJS,252,4
Kana,Apr-94,0,18,65,TJS,252,4
Kana,Apr-94,0,18,20,TJS,252,4
Kana,Apr-94,0,18,35,TJS,252,4
Kana,Apr-94,0,19,42,TJS,242,4
Kana,Apr-94,0,19,27,TJS,242,4
Kana,Apr-94,0,19,19,TJS,242,4
Kana,Apr-94,0,19,44,TJS,242,4
Kana,Apr-94,0,19,35,TJS,242,4
Kana,Apr-94,0,19,26,TJS,242,4
Kana,Apr-94,0,20,3,TJS,232,4
Kana,Apr-94,0,20,12,TJS,232,4
Kana,Apr-94,0,20,42,TJS,232,4
Kana,Apr-94,0,20,60,TJS,232,4
Kana,Apr-94,0,20,45,TJS,232,4
Kana,Apr-94,0,20,19,TJS,232,4
Kana,Apr-94,0,21,20,TJS,222,4
Kana,Apr-94,0,21,26,TJS,222,4
Kana,Apr-94,0,21,42,TJS,222,4
Kana,Apr-94,0,21,40,TJS,222,4
Kana,Apr-94,0,21,32,TJS,222,4
Kana,Apr-94,0,21,12,TJS,222,4
Kana,Apr-94,0,21,28,TJS,222,4
Kana,Apr-94,0,21,9,TJS,222,4
Kana,Apr-94,0,22,55,TJS,212,4
Kana,Apr-94,0,22,50,TJS,212,4
Kana,Apr-94,0,22,36,TJS,212,4
Kana,Apr-94,0,22,52,TJS,212,4
Kana,Apr-94,0,22,16,TJS,212,4
Kana,Apr-94,0,22,17,TJS,212,4
Kana,Apr-94,0,23,65,TJS,202,3
Kana,Apr-94,0,23,35,TJS,202,3
Kana,Apr-94,0,23,45,TJS,202,3
Kana,Apr-94,0,23,26,TJS,202,3
Kana,Apr-94,0,23,34,TJS,202,3
Kana,Apr-94,0,23,60,TJS,202,3
Kana,Apr-94,0,23,28,TJS,202,3
Kana,Apr-94,0,24,25,TJS,193,3
Kana,Apr-94,0,24,19,TJS,193,3
Kana,Apr-94,0,24,8,TJS,193,3
Kana,Apr-94,0,24,42,TJS,193,3
Kana,Apr-94,0,24,45,TJS,193,3
Kana,Apr-94,0,24,55,TJS,193,3
Kana,Apr-94,0,24,38,TJS,193,3
Kana,Apr-95,0,1,72,TJS,19,0
Kana,Apr-95,0,1,89,TJS,19,0
Kana,Apr-95,0,1,16,TJS,19,0
Kana,Apr-95,0,1,95,TJS,19,0
Kana,Apr-95,0,1,63,TJS,19,0
Kana,Apr-95,0,1,70,TJS,19,0
Kana,Apr-95,0,1,11,TJS,19,0
Kana,Apr-95,0,1,32,TJS,19,0
Kana,Apr-95,0,1,86,TJS,19,0
Kana,Apr-95,0,2,75,TJS,30,0
Kana,Apr-95,0,2,105,TJS,30,0
Kana,Apr-95,0,2,95,TJS,30,0
Kana,Apr-95,0,2,46,TJS,30,0
Kana,Apr-95,0,2,51,TJS,30,0
Kana,Apr-95,0,2,95,TJS,30,0
Kana,Apr-95,0,2,87,TJS,30,0
Kana,Apr-95,0,3,94,TJS,44,1
Kana,Apr-95,0,3,86,TJS,44,1
Kana,Apr-95,0,3,73,TJS,44,1
Kana,Apr-95,0,3,27,TJS,44,1
Kana,Apr-95,0,3,110,TJS,44,1
Kana,Apr-95,0,3,64,TJS,44,1
Kana,Apr-95,0,3,97,TJS,44,1
Kana,Apr-95,0,3,56,TJS,44,1
Kana,Apr-95,0,4,26,TJS,55,1
Kana,Apr-95,0,4,48,TJS,55,1
Kana,Apr-95,0,4,29,TJS,55,1
Kana,Apr-95,0,4,95,TJS,55,1
Kana,Apr-95,0,4,39,TJS,55,1
Kana,Apr-95,0,4,75,TJS,55,1
Kana,Apr-95,0,4,38,TJS,55,1
Kana,Apr-95,0,4,110,TJS,55,1
Kana,Apr-95,0,5,92,TJS,64,1
Kana,Apr-95,0,5,95,TJS,64,1
Kana,Apr-95,0,5,24,TJS,64,1
Kana,Apr-95,0,5,56,TJS,64,1
Kana,Apr-95,0,5,105,TJS,64,1
Kana,Apr-95,0,5,96,TJS,64,1
Kana,Apr-95,0,5,46,TJS,64,1
Kana,Apr-95,0,6,84,TJS,77,1
Kana,Apr-95,0,6,65,TJS,77,1
Kana,Apr-95,0,6,74,TJS,77,1
Kana,Apr-95,0,6,39,TJS,77,1
Kana,Apr-95,0,6,22,TJS,77,1
Kana,Apr-95,0,6,16,TJS,77,1
Kana,Apr-95,0,6,21,TJS,77,1
Kana,Apr-95,0,6,78,TJS,77,1
Kana,Apr-95,0,6,86,TJS,77,1
Kana,Apr-95,0,6,56,TJS,77,1
Kana,Apr-95,0,6,18,TJS,77,1
Kana,Apr-95,0,6,26,TJS,77,1
Kana,Apr-95,0,7,19,TJS,89,1
Kana,Apr-95,0,7,27,TJS,89,1
Kana,Apr-95,0,7,41,TJS,89,1
Kana,Apr-95,0,7,48,TJS,89,1
Kana,Apr-95,0,7,96,TJS,89,1
Kana,Apr-95,0,7,87,TJS,89,1
Kana,Apr-95,0,7,52,TJS,89,1
Kana,Apr-95,0,7,17,TJS,89,1
Kana,Apr-95,0,7,82,TJS,89,1
Kana,Apr-95,0,7,11,TJS,89,1
Kana,Apr-95,0,8,24,TJS,101,2
Kana,Apr-95,0,8,58,TJS,101,2
Kana,Apr-95,0,8,48,TJS,101,2
Kana,Apr-95,0,8,65,TJS,101,2
Kana,Apr-95,0,8,19,TJS,101,2
Kana,Apr-95,0,8,48,TJS,101,2
Kana,Apr-95,0,8,27,TJS,101,2
Kana,Apr-95,0,8,32,TJS,101,2
Kana,Apr-95,0,8,67,TJS,101,2
Kana,Apr-95,0,8,88,TJS,101,2
Kana,Apr-95,0,9,89,TJS,112,2
Kana,Apr-95,0,9,46,TJS,112,2
Kana,Apr-95,0,9,75,TJS,112,2
Kana,Apr-95,0,9,39,TJS,112,2
Kana,Apr-95,0,9,68,TJS,112,2
Kana,Apr-95,0,9,74,TJS,112,2
Kana,Apr-95,0,10,16,TJS,123,2
Kana,Apr-95,0,10,22,TJS,123,2
Kana,Apr-95,0,10,69,TJS,123,2
Kana,Apr-95,0,10,29,TJS,123,2
Kana,Apr-95,0,10,28,TJS,123,2
Kana,Apr-95,0,10,32,TJS,123,2
Kana,Apr-95,0,10,39,TJS,123,2
Kana,Apr-95,0,10,46,TJS,123,2
Kana,Apr-95,0,10,78,TJS,123,2
Kana,Apr-95,0,11,32,TJS,134,2
Kana,Apr-95,0,11,48,TJS,134,2
Kana,Apr-95,0,11,70,TJS,134,2
Kana,Apr-95,0,11,21,TJS,134,2
Kana,Apr-95,0,11,56,TJS,134,2
Kana,Apr-95,0,11,54,TJS,134,2
Kana,Apr-95,0,11,69,TJS,134,2
Kana,Apr-95,0,12,39,TJS,145,2
Kana,Apr-95,0,12,36,TJS,145,2
Kana,Apr-95,0,12,29,TJS,145,2
Kana,Apr-95,0,12,49,TJS,145,2
Kana,Apr-95,0,12,16,TJS,145,2
Kana,Apr-95,0,12,60,TJS,145,2
Kana,Apr-95,0,12,48,TJS,145,2
Kana,Apr-95,0,13,39,TJS,292,5
Kana,Apr-95,0,13,52,TJS,292,5
Kana,Apr-95,0,13,69,TJS,292,5
Kana,Apr-95,0,13,48,TJS,292,5
Kana,Apr-95,0,13,90,TJS,292,5
Kana,Apr-95,0,13,52,TJS,292,5
Kana,Apr-95,0,13,6,TJS,292,5
Kana,Apr-95,0,13,19,TJS,292,5
Kana,Apr-95,0,13,62,TJS,292,5
Kana,Apr-95,0,13,73,TJS,292,5
Kana,Apr-95,0,14,19,TJS,282,5
Kana,Apr-95,0,14,64,TJS,282,5
Kana,Apr-95,0,14,21,TJS,282,5
Kana,Apr-95,0,14,31,TJS,282,5
Kana,Apr-95,0,14,68,TJS,282,5
Kana,Apr-95,0,14,85,TJS,282,5
Kana,Apr-95,0,14,27,TJS,282,5
Kana,Apr-95,0,14,76,TJS,282,5
Kana,Apr-95,0,15,95,TJS,269,4
Kana,Apr-95,0,15,21,TJS,269,4
Kana,Apr-95,0,15,48,TJS,269,4
Kana,Apr-95,0,15,52,TJS,269,4
Kana,Apr-95,0,15,65,TJS,269,4
Kana,Apr-95,0,15,19,TJS,269,4
Kana,Apr-95,0,15,41,TJS,269,4
Kana,Apr-95,0,15,39,TJS,269,4
Kana,Apr-95,0,15,23,TJS,269,4
Kana,Apr-95,0,16,85,TJS,254,4
Kana,Apr-95,0,16,48,TJS,254,4
Kana,Apr-95,0,16,51,TJS,254,4
Kana,Apr-95,0,16,100,TJS,254,4
Kana,Apr-95,0,16,26,TJS,254,4
Kana,Apr-95,0,16,64,TJS,254,4
Kana,Apr-95,0,17,21,TJS,242,4
Kana,Apr-95,0,17,35,TJS,242,4
Kana,Apr-95,0,17,75,TJS,242,4
Kana,Apr-95,0,17,41,TJS,242,4
Kana,Apr-95,0,17,61,TJS,242,4
Kana,Apr-95,0,17,65,TJS,242,4
Kana,Apr-95,0,17,81,TJS,242,4
Kana,Apr-95,0,17,52,TJS,242,4
Kana,Apr-95,0,17,32,TJS,242,4
Kana,Apr-95,0,17,2,TJS,242,4
Kana,Apr-95,0,18,46,TJS,231,4
Kana,Apr-95,0,18,52,TJS,231,4
Kana,Apr-95,0,18,12,TJS,231,4
Kana,Apr-95,0,18,29,TJS,231,4
Kana,Apr-95,0,18,32,TJS,231,4
Kana,Apr-95,0,18,17,TJS,231,4
Kana,Apr-95,0,18,59,TJS,231,4
Kana,Apr-95,0,18,75,TJS,231,4
Kana,Apr-95,0,19,9,TJS,215,4
Kana,Apr-95,0,19,42,TJS,215,4
Kana,Apr-95,0,19,38,TJS,215,4
Kana,Apr-95,0,19,65,TJS,215,4
Kana,Apr-95,0,19,21,TJS,215,4
Kana,Apr-95,0,19,18,TJS,215,4
Kana,Apr-95,0,20,42,TJS,203,3
Kana,Apr-95,0,20,17,TJS,203,3
Kana,Apr-95,0,20,8,TJS,203,3
Kana,Apr-95,0,20,14,TJS,203,3
Kana,Apr-95,0,20,56,TJS,203,3
Kana,Apr-95,0,20,17,TJS,203,3
Kana,Apr-95,0,20,65,TJS,203,3
Kana,Apr-95,0,20,90,TJS,203,3
Kana,Apr-95,0,20,75,TJS,203,3
Kana,Apr-95,0,20,48,TJS,203,3
Kana,Apr-95,0,20,72,TJS,203,3
Kana,Apr-95,0,20,29,TJS,203,3
Kana,Apr-95,0,20,21,TJS,203,3
Kana,Apr-95,0,21,19,TJS,191,3
Kana,Apr-95,0,21,16,TJS,191,3
Kana,Apr-95,0,21,23,TJS,191,3
Kana,Apr-95,0,21,36,TJS,191,3
Kana,Apr-95,0,21,11,TJS,191,3
Kana,Apr-95,0,21,17,TJS,191,3
Kana,Apr-95,0,21,29,TJS,191,3
Kana,Apr-95,0,21,65,TJS,191,3
Kana,Apr-95,0,21,49,TJS,191,3
Kana,Apr-95,0,21,72,TJS,191,3
Kana,Apr-95,0,21,56,TJS,191,3
Kana,Apr-95,0,21,41,TJS,191,3
Kana,Apr-95,0,22,65,TJS,179,3
Kana,Apr-95,0,22,23,TJS,179,3
Kana,Apr-95,0,22,19,TJS,179,3
Kana,Apr-95,0,22,33,TJS,179,3
Kana,Apr-95,0,22,22,TJS,179,3
Kana,Apr-95,0,22,39,TJS,179,3
Kana,Apr-95,0,22,68,TJS,179,3
Kana,Apr-95,0,23,42,TJS,167,3
Kana,Apr-95,0,23,68,TJS,167,3
Kana,Apr-95,0,23,51,TJS,167,3
Kana,Apr-95,0,23,71,TJS,167,3
Kana,Apr-95,0,23,37,TJS,167,3
Kana,Apr-95,0,23,42,TJS,167,3
Kana,Apr-95,0,24,78,TJS,157,3
Kana,Apr-95,0,24,52,TJS,157,3
Kana,Apr-95,0,24,56,TJS,157,3
Kana,Apr-95,0,24,60,TJS,157,3
Kana,Apr-95,0,24,75,TJS,157,3
Kana,Apr-95,0,24,84,TJS,157,3
Kana,Apr-95,0,24,17,TJS,157,3
Kana,Apr-95,0,25,25,SGF,207,3
Kana,Apr-95,0,25,42,SGF,207,3
Kana,Apr-95,0,25,74,SGF,207,3
Kana,Apr-95,0,26,45,SGF,198,3
Kana,Apr-95,0,26,55,SGF,198,3
Kana,Apr-95,0,26,110,SGF,198,3
Kana,Apr-95,0,26,17,SGF,198,3
Kana,Apr-95,0,27,90,SGF,181,3
Kana,Apr-95,0,27,7,SGF,181,3
Kana,Apr-95,0,28,39,SGF,167,3
Kana,Apr-95,0,29,18,SGF,155,3
Kana,Apr-95,0,29,61,SGF,155,3
Kana,Apr-95,0,29,14,SGF,155,3
Kana,Apr-95,0,29,10,SGF,155,3
Kana,Apr-95,0,30,86,SGF,142,2
Kana,Apr-95,0,30,48,SGF,142,2
Kana,Apr-95,0,30,90,SGF,142,2
Kana,Apr-95,0,30,34,SGF,142,2
Kana,Apr-95,0,31,32,SGF,131,2
Kana,Apr-95,0,31,44,SGF,131,2
Kana,Apr-95,0,31,21,SGF,131,2
Kana,Apr-95,0,31,70,SGF,131,2
Kana,Apr-95,0,32,11,SGF,121,2
Kana,Apr-95,0,32,62,SGF,121,2
Kana,Apr-95,0,32,71,SGF,121,2
Kana,Apr-95,0,32,9,SGF,121,2
Kana,Apr-95,0,32,33,SGF,121,2
Kana,Apr-95,0,33,36,SGF,111,2
Kana,Apr-95,0,33,16,SGF,111,2
Kana,Apr-95,0,33,12,SGF,111,2
Kana,Apr-95,0,33,39,SGF,111,2
Kana,Apr-95,0,34,86,SGF,99,2
Kana,Apr-95,0,36,38,SGF,15,0
Kana,Apr-95,0,36,70,SGF,15,0
Kana,Apr-95,0,37,52,SGF,25,0
Kana,Apr-95,0,37,80,SGF,25,0
Kana,Apr-95,0,37,75,SGF,25,0
Kana,Apr-95,0,37,120,SGF,25,0
Kana,Apr-95,0,38,75,SGF,36,1
Kana,Apr-95,0,38,39,SGF,36,1
Kana,Apr-95,0,38,26,SGF,36,1
Kana,Apr-95,0,39,12,SGF,48,1
Kana,Apr-95,0,40,55,SGF,61,1
Kana,Apr-95,0,40,68,SGF,61,1
Kana,Apr-95,0,40,82,SGF,61,1
Kana,Apr-95,0,40,110,SGF,61,1
Kana,Apr-95,0,41,88,SGF,74,1
Kana,Apr-95,0,41,38,SGF,74,1
